".chain",".iteration",".draw","Se","Sp","tau1","tau2"
1,1,1,0.944561080166577,0.917407981548975,0.0231625043044413,0.971885282799801
1,2,2,0.95147301923107,0.901901972474843,0.0150566408470237,0.973856541681875
1,3,3,0.949750159587725,0.936759517005146,0.0195191127347176,0.982140741058218
1,4,4,0.951395698597485,0.910191351097087,0.0140599965745809,0.981038780427919
1,5,5,0.951506297574533,0.912739212558643,0.0220461510013884,0.983334452627906
1,6,6,0.945538326283186,0.929136376977816,0.0199287569304289,0.976924043661402
1,7,7,0.950016606466396,0.912121689039647,0.0203983063540412,0.977677234670006
1,8,8,0.948657659869688,0.917152781152621,0.0170647251487952,0.990291309941476
1,9,9,0.954209820708161,0.903093179958243,0.0206706033070059,0.978792803238314
1,10,10,0.952751861498618,0.885331817824034,0.0199761687708933,0.986388008095397
1,11,11,0.952800327540221,0.877258285812211,0.0165748909906535,0.981454974163585
1,12,12,0.951593179809201,0.908957786893133,0.0117571746049842,0.986567419598802
1,13,13,0.950704258105434,0.862077378661926,0.0177847477826934,0.974945080934035
1,14,14,0.94804856566658,0.876988981403673,0.0138109996100203,0.971385388388377
1,15,15,0.949979619299057,0.872903639395412,0.014431254683678,0.978915675666889
1,16,16,0.949696289521087,0.862182803990588,0.0187301225419799,0.987553042169584
1,17,17,0.950062667778596,0.852157213654656,0.0162233551635893,0.981376947231065
1,18,18,0.944800121440749,0.851755125552659,0.0144436471820933,0.987842256985728
1,19,19,0.948452211287767,0.87826451252162,0.0194536947642413,0.981634880759813
1,20,20,0.951283428419475,0.855713619941356,0.00907889194977596,0.984731417644373
1,21,21,0.946799731063591,0.90518542075028,0.0143220543045208,0.979340876992442
1,22,22,0.952675368876859,0.904381451174941,0.0227950314981116,0.977714952148173
1,23,23,0.952655973723708,0.913615930688026,0.0189617201048084,0.980367641023302
1,24,24,0.947570741696094,0.879644508120565,0.0193391304254782,0.980014212094139
1,25,25,0.944947489302844,0.878810217881791,0.0189241016435563,0.978835013429633
1,26,26,0.95420622797129,0.896538580585158,0.0190874737880645,0.972735955693261
1,27,27,0.947832630835243,0.85377771258373,0.0166415828917575,0.977150174441691
1,28,28,0.955302002272943,0.844405261143982,0.0149867865343623,0.983237152671312
1,29,29,0.958426069875352,0.876424277760957,0.0122356391133312,0.971940012535669
1,30,30,0.953536568639639,0.874109048833441,0.0228420046943534,0.983334028354436
1,31,31,0.951376706014959,0.870865582726033,0.0108164838869484,0.987357340315917
1,32,32,0.947979546512644,0.864642965178967,0.0143776062661131,0.988756084308126
1,33,33,0.948456420949635,0.873940959182419,0.0246549648228289,0.987921597299309
1,34,34,0.945733165849038,0.875828986096906,0.0115038530072975,0.991032620867735
1,35,35,0.952660309351474,0.835481687337617,0.0113194085360396,0.991491502707972
1,36,36,0.948398354150438,0.841455717200173,0.0133125638386703,0.987427260122804
1,37,37,0.949082822308948,0.872036599490905,0.0136775845665424,0.987917304108793
1,38,38,0.950088829387085,0.891121113164104,0.0167738946555196,0.990419354762245
1,39,39,0.945022437956561,0.85222365551066,0.0157865392799505,0.993029212430132
1,40,40,0.950977150482256,0.875446190742196,0.0143116851782472,0.989269072629059
1,41,41,0.951282728675084,0.907694374380945,0.018345490214218,0.97992480518657
1,42,42,0.949601687038982,0.900562503134216,0.0185670130131286,0.979257636833383
1,43,43,0.946267703378496,0.869418165921444,0.0216694279729435,0.984545194789886
1,44,44,0.954519864945457,0.920160041922286,0.0142400357897186,0.980366575999921
1,45,45,0.949427376067211,0.860239992861507,0.0102806182435667,0.982846424571535
1,46,46,0.95108363250828,0.907137275665586,0.0125965686577979,0.98557498256718
1,47,47,0.95472618987196,0.885997180921394,0.0194298400643998,0.988030906092269
1,48,48,0.948423969206827,0.900784562903559,0.0168427272816516,0.98804304621399
1,49,49,0.94791113763792,0.866257328606408,0.0114089192694134,0.983020273613276
1,50,50,0.946603994898842,0.857466982660172,0.0103003560518917,0.990575599371577
1,51,51,0.949206324696413,0.866942532865175,0.0125575558303651,0.985260804123753
1,52,52,0.947949551748536,0.865849281760492,0.00852647758935535,0.994939569172448
1,53,53,0.948444008005835,0.862996244706682,0.0135859316000828,0.992686228991108
1,54,54,0.950411297174455,0.881831706197633,0.0110380940193465,0.986946704460201
1,55,55,0.949933873937793,0.880961480198947,0.0109800310908335,0.98520921246824
1,56,56,0.950798218048998,0.885975777801043,0.0089615319088256,0.990674090734958
1,57,57,0.951314999742884,0.862377243461003,0.0103609614254061,0.994801044759238
1,58,58,0.953915994840277,0.875496897417071,0.0181447721701937,0.993762038367403
1,59,59,0.946854996192477,0.842944384037748,0.0168795078798087,0.991450571753187
1,60,60,0.950691820399716,0.868415252750251,0.00901913407748562,0.99140967017051
1,61,61,0.94435036683019,0.864813751841927,0.0192942192109769,0.98641879271793
1,62,62,0.949004916202637,0.826345430802677,0.00830814912826367,0.984025006189364
1,63,63,0.949686103723319,0.862071742608608,0.0129856914554017,0.988477888660503
1,64,64,0.948983898513584,0.852062437175948,0.0114788467701109,0.982148841636277
1,65,65,0.949402629600289,0.892337677516663,0.0178414991996767,0.984529505678708
1,66,66,0.952016963290988,0.869386755159253,0.0111305614545301,0.987417407065354
1,67,67,0.947165625512394,0.879972983480962,0.0122801833755295,0.986433014478281
1,68,68,0.95573475167508,0.828091203799399,0.013958639082271,0.992994757040987
1,69,69,0.948511855907686,0.827050293981597,0.010542570680232,0.990027104621719
1,70,70,0.949674984976456,0.862299340393248,0.0136272043001266,0.983708125961942
1,71,71,0.950530330582503,0.849007520266346,0.0240602144548018,0.979930395624433
1,72,72,0.951168150166363,0.87242748769354,0.0167913956535933,0.978178851547428
1,73,73,0.954633181702727,0.894537631452552,0.012408005488527,0.987379115136894
1,74,74,0.952105968270264,0.892258182459838,0.0140737375874571,0.976935563905743
1,75,75,0.948268485202291,0.832620875577863,0.0189021233989773,0.979410510981881
1,76,76,0.94723933743462,0.88923102061462,0.0213503426672508,0.985988882812679
1,77,77,0.947843848167305,0.888171670229796,0.0221145880946176,0.987753262165855
1,78,78,0.951757818352494,0.872391669739949,0.0167082454284392,0.989726678242981
1,79,79,0.94241423195301,0.877367569961212,0.0185807696801345,0.975955543956948
1,80,80,0.945417300081232,0.862509243182605,0.00961674309776427,0.978105397985436
1,81,81,0.955128023138125,0.903395903209896,0.0172604023667815,0.976918253733434
1,82,82,0.943841153617335,0.879510712050938,0.0119557665247933,0.980685431978027
1,83,83,0.944648198050388,0.864080964135313,0.0132213348735387,0.98669469998396
1,84,84,0.950044407903325,0.904599659992104,0.0120874454472046,0.982817998269734
1,85,85,0.951771550359512,0.886964988093765,0.0172051433012092,0.979665112116547
1,86,86,0.94718332797529,0.885684995227044,0.0230426075720321,0.982821568074388
1,87,87,0.949047944356128,0.849370412367293,0.0150162612358581,0.984645452906975
1,88,88,0.949104282389078,0.906156192758027,0.0217428827023574,0.984872975963613
1,89,89,0.946844837713774,0.875504537467288,0.0144142464171819,0.979660466181308
1,90,90,0.950616895625925,0.849487650551821,0.00991097432622236,0.978560378505635
1,91,91,0.948711304755304,0.851283213651784,0.0161068681126784,0.976212759599984
1,92,92,0.954357783172503,0.854271561235912,0.0137942373428827,0.985604646447711
1,93,93,0.953105477258315,0.833443300887295,0.0121301568221619,0.983877258576293
1,94,94,0.944891900791139,0.852619825061358,0.00657068101767632,0.988261312681229
1,95,95,0.951299526320435,0.872046265214927,0.0151662736006449,0.990922943473489
1,96,96,0.944833382245736,0.868320269253821,0.0117159338495948,0.985546469423608
1,97,97,0.954112250255136,0.896624783240445,0.00963591463831358,0.988140556417405
1,98,98,0.944971364168167,0.855324709861049,0.0132684197969301,0.981462811119706
1,99,99,0.947137081458328,0.846845108824304,0.0126643560009803,0.980066420574358
1,100,100,0.945726954812537,0.879900307633829,0.0202376297163661,0.994932243308833
1,101,101,0.950779136612895,0.912510603175881,0.0132798812544854,0.987178323085697
1,102,102,0.947120618757142,0.888303203157089,0.0109126910415415,0.992171168100837
1,103,103,0.946907761485558,0.883091723335017,0.0124288912779207,0.9842882803078
1,104,104,0.947052406035732,0.890891573335314,0.0240765993147275,0.985200415731252
1,105,105,0.947943726691309,0.881842182727353,0.0223138386338824,0.986075140950169
1,106,106,0.952953361119577,0.866733562192142,0.0112322924383308,0.981704871804653
1,107,107,0.938050759679689,0.926091553308978,0.0117682601785342,0.984760448903655
1,108,108,0.945351907785102,0.909600084087205,0.0181939574850345,0.986788725641096
1,109,109,0.947013658331107,0.904611312946204,0.0270494629360479,0.98518656720672
1,110,110,0.956314144966957,0.876739708741269,0.0200690997599618,0.974497008909323
1,111,111,0.951370232230093,0.88575324908729,0.0184060822121677,0.979302699236609
1,112,112,0.949741269572795,0.904146552903495,0.0183419129769212,0.982627751327733
1,113,113,0.951544236166906,0.918753462309207,0.022579509321772,0.976417118703861
1,114,114,0.952552121352197,0.894147827418221,0.0184472760662418,0.983467790690928
1,115,115,0.955197532662211,0.89041344626248,0.023204269685217,0.980451232624628
1,116,116,0.948194848094316,0.863315062581182,0.0139638349482034,0.984662468439611
1,117,117,0.950528809344912,0.866095803843832,0.0136062105793594,0.986446221732942
1,118,118,0.946881870829303,0.823415793356461,0.0132033333207361,0.989089898146973
1,119,119,0.949470541731368,0.897443360786425,0.0178964098495546,0.982132050276826
1,120,120,0.952285148673108,0.874473550672116,0.0213840672225198,0.981204712574353
1,121,121,0.94397861321939,0.866582040392485,0.0132047958860621,0.984494114049163
1,122,122,0.955321040833527,0.901234793374202,0.023945410105041,0.978872243512555
1,123,123,0.946051687099345,0.913969657850647,0.0322496459729587,0.986679478007549
1,124,124,0.954008733813611,0.943346850553414,0.0306763019580585,0.975609685053293
1,125,125,0.9554570592707,0.90049859882395,0.0256274295412647,0.971802594715391
1,126,126,0.943439761491584,0.944653735596697,0.024648899988643,0.964371404857384
1,127,127,0.954592795940925,0.959714100276719,0.0262042815673288,0.977600780212552
1,128,128,0.949685420369365,0.919935017585941,0.0187105333223824,0.985683699823674
1,129,129,0.94568261920958,0.903977169920534,0.0135064402650246,0.980574569627516
1,130,130,0.946023086497558,0.886381281838644,0.0181598100557106,0.97967337732153
1,131,131,0.952460922335769,0.912724760839105,0.0210526293211158,0.976389922145122
1,132,132,0.948121328951204,0.909697990656368,0.0178261012458914,0.9875363204564
1,133,133,0.946886449816683,0.915254355222303,0.0175822644579724,0.977456314587931
1,134,134,0.946284511730796,0.936841917848651,0.0153088031748643,0.976705840725788
1,135,135,0.946582385683772,0.92690063425563,0.0179116776486712,0.98688451477971
1,136,136,0.945479512309169,0.881934973985882,0.0242498371831995,0.976389490654964
1,137,137,0.941584787968991,0.889635179942666,0.0183357292729408,0.98553396991622
1,138,138,0.944907906074075,0.908024892065958,0.0161595406737642,0.98217486329813
1,139,139,0.946805859247924,0.855687737017093,0.0208275098960442,0.977732877754574
1,140,140,0.949263117651577,0.888202830699342,0.0247478051768556,0.98328180216746
1,141,141,0.952161431155933,0.88562268530884,0.0177581783795147,0.978719309480845
1,142,142,0.953033728611478,0.912819636029291,0.0209725868786168,0.979938259149476
1,143,143,0.952618933652054,0.917018457628083,0.025642480656343,0.980794361337561
1,144,144,0.952895253810645,0.805335626904152,0.0180925149325259,0.980587482602225
1,145,145,0.947233346601461,0.872470932768601,0.0170077370119812,0.989100703094727
1,146,146,0.948546457401781,0.821741918378047,0.0150652112262507,0.989767626405487
1,147,147,0.949769254835034,0.813630335270512,0.0246789564893658,0.980407294356302
1,148,148,0.949901122769416,0.841279398816811,0.0167058818809381,0.982030990719083
1,149,149,0.948326818635183,0.890244211071292,0.0165353761866447,0.981201561545152
1,150,150,0.9486617136338,0.914939595334833,0.0179238287579785,0.982894117262739
1,151,151,0.952391649613632,0.857801563802737,0.0139203194671187,0.987789553809015
1,152,152,0.944775023880689,0.896436050111742,0.0132896593032997,0.97803416810794
1,153,153,0.950426465687489,0.863669139701701,0.0147978568405194,0.983362225211375
1,154,154,0.946923279267583,0.872306617812378,0.01241706878171,0.981593879258742
1,155,155,0.942888725387908,0.845034188712483,0.0096907392522976,0.988393057271567
1,156,156,0.948936507298029,0.906850923151555,0.01274522953911,0.991779493501843
1,157,157,0.950312040844664,0.88791558637385,0.0199088008626273,0.982052201159045
1,158,158,0.953956220796993,0.902995091052094,0.0209896962908204,0.989826472692628
1,159,159,0.946878007889773,0.918045720720254,0.0167836514810765,0.982604348003333
1,160,160,0.946372250916134,0.90268360371197,0.0181146111224503,0.986606607858119
1,161,161,0.954775392753416,0.894154481527855,0.022275087956811,0.988002639462056
1,162,162,0.948342277989561,0.928931591316541,0.0206994307445979,0.981738008342175
1,163,163,0.949948945649598,0.908695198674733,0.0208598541991809,0.981103044076396
1,164,164,0.947348389091292,0.938220018357331,0.0221098889782008,0.975376572685267
1,165,165,0.943522868549339,0.855074337669628,0.0234824117864412,0.991699942964757
1,166,166,0.951590872956175,0.924775766444155,0.0198736367784987,0.982877247721116
1,167,167,0.950592274328977,0.930570518446696,0.0209597020612538,0.981954935958875
1,168,168,0.948054137329825,0.91113856855053,0.0227070281493216,0.978146992073394
1,169,169,0.946753410758361,0.921165486355345,0.0160816016338107,0.985368882346846
1,170,170,0.955053077203717,0.925937136537894,0.0182896053318458,0.980418872500785
1,171,171,0.954374384955709,0.939934883736801,0.0221155632051842,0.984534880135257
1,172,172,0.953489076197314,0.930758995085603,0.0197260998367841,0.978226860998428
1,173,173,0.953498608485806,0.907506462498228,0.0181962561211194,0.979433094508083
1,174,174,0.951463126994395,0.884783681969456,0.0237382893231467,0.975004452600176
1,175,175,0.950801315300161,0.906507763911035,0.0208539101916978,0.975009921520276
1,176,176,0.95074873670808,0.945546798482072,0.0265742414884306,0.97871365019427
1,177,177,0.947215753990907,0.921198206240565,0.0184904726261497,0.978109805580456
1,178,178,0.948304936620169,0.873988886736518,0.0199547424972777,0.975992621143932
1,179,179,0.953094338446348,0.903055702194608,0.0230253528084879,0.988045639390296
1,180,180,0.956406072349067,0.89937858905079,0.014270581069543,0.979411059164015
1,181,181,0.945428696999751,0.855853303795654,0.0178408965463936,0.983178775828456
1,182,182,0.950924489693305,0.871490603688374,0.0228430757408071,0.989186440854806
1,183,183,0.94902022332448,0.862042947334426,0.0205531612122454,0.9901719638992
1,184,184,0.945241554476027,0.875860126698245,0.0107713896948348,0.98676814078161
1,185,185,0.94658713251433,0.872488152691757,0.012138441167759,0.987166763794419
1,186,186,0.947553990674883,0.826691173650668,0.0123802200066783,0.98331452746578
1,187,187,0.954614728608852,0.90268857955032,0.0166291889135305,0.983094281109641
1,188,188,0.949860491928248,0.870759483251203,0.0171575487733751,0.976788972292731
1,189,189,0.948963718150022,0.90878103436335,0.0195173266551134,0.984228617548082
1,190,190,0.954827063524231,0.904693675130946,0.0197912672722004,0.981799235266826
1,191,191,0.952652535892942,0.916600500119444,0.0231243920347135,0.987166448174551
1,192,192,0.947799708949035,0.904760407545837,0.0233443708842214,0.986804434196592
1,193,193,0.949388881528905,0.907810087671153,0.0161012850023238,0.97724783538408
1,194,194,0.952176834201493,0.887845906247312,0.0150100923031486,0.983276969153515
1,195,195,0.947393688679008,0.893542213446638,0.0185729112212345,0.981492983508557
1,196,196,0.953643255656805,0.856374304384246,0.0282168747448153,0.98417395925605
1,197,197,0.949084127716201,0.858573881262421,0.0121835365428031,0.983400640440196
1,198,198,0.951635631611907,0.864524299287754,0.0256944640351575,0.977217407818088
1,199,199,0.946396398523249,0.890597181510479,0.0185029994521491,0.984344723897335
1,200,200,0.954769916018966,0.913824325346401,0.0172531698848268,0.98800966838972
1,201,201,0.949506911605877,0.89638303771582,0.0271540426606761,0.983279116901867
1,202,202,0.951121952113976,0.92403023919586,0.0207494995939588,0.974634779281345
1,203,203,0.953405398248633,0.888966903726503,0.0316749899712736,0.97971455164701
1,204,204,0.95411028490436,0.871999672637033,0.0281849257841199,0.96890867762705
1,205,205,0.948518809418506,0.925366713598595,0.0258142140253715,0.970534881708299
1,206,206,0.948015741890374,0.914372228841145,0.0195152290045562,0.982812935862789
1,207,207,0.949857077030949,0.950401397912924,0.0275739816047452,0.974485108007342
1,208,208,0.947992928894375,0.925157907379586,0.0246720942368405,0.962199456429029
1,209,209,0.954418169502518,0.87195965376724,0.030106991440027,0.969898734104183
1,210,210,0.951638736456349,0.899417866347656,0.0242737079996553,0.964819746098451
1,211,211,0.949648365839175,0.917398959869051,0.0272946856758041,0.963520145268773
1,212,212,0.947187755415467,0.923916376181652,0.0383445607489883,0.960179464514773
1,213,213,0.947769255693569,0.889029297367811,0.0261951703145435,0.97607831358913
1,214,214,0.949092593662142,0.909690468780945,0.0405086874143446,0.954444071263485
1,215,215,0.952822737720802,0.92990425200599,0.0300206742382073,0.963647522245805
1,216,216,0.954778324595653,0.921390483689925,0.0243522185265876,0.969207961643837
1,217,217,0.952020046876374,0.940350621440759,0.03739449181014,0.975323462731102
1,218,218,0.952941071121839,0.908208538231173,0.0518912157485368,0.961084626128021
1,219,219,0.951280727528542,0.941863240964178,0.0290354648816851,0.967115666180537
1,220,220,0.950006013602198,0.96198019450168,0.0312317406024529,0.963637534748348
1,221,221,0.950626640974211,0.906654604266447,0.0324989997038498,0.976713150415405
1,222,222,0.949754878487667,0.905422950192761,0.0332170889075785,0.985110173657227
1,223,223,0.947764018330091,0.900050672869696,0.0222128903224989,0.980542022240832
1,224,224,0.949067659489776,0.918430921908898,0.0230675485877028,0.984868394493259
1,225,225,0.953274057402819,0.88808259486055,0.0240911639970762,0.973355868425883
1,226,226,0.949876907121816,0.869245132025357,0.0217848259951447,0.98687426903619
1,227,227,0.950519424916139,0.875103994219385,0.0213368870793658,0.982410581313681
1,228,228,0.950580752882601,0.874127643704608,0.0230985353354761,0.976852137996851
1,229,229,0.953614782259923,0.889840043314803,0.0199222337193243,0.98345314250917
1,230,230,0.947636079268561,0.896466616003174,0.0101797292535523,0.988521978403285
1,231,231,0.948853516968174,0.875094264693741,0.0149193466494459,0.993146516459646
1,232,232,0.948740133254788,0.900924575224501,0.0177246888200579,0.974269380863003
1,233,233,0.95123551814315,0.853572904894065,0.0263006395671113,0.981701037018013
1,234,234,0.954338660590655,0.900157731843543,0.0135666583606813,0.981269359271488
1,235,235,0.942920479941568,0.881479506495856,0.0113799524328506,0.978521647148728
1,236,236,0.951206410734609,0.848445367543122,0.0119431654165277,0.988700244126961
1,237,237,0.951092952208536,0.853052966210196,0.0143970414900877,0.989049792501308
1,238,238,0.952190225420396,0.879327500780888,0.0109828954947132,0.984942685757141
1,239,239,0.949565481052181,0.889093681244017,0.0104859178849372,0.985446941225717
1,240,240,0.955105626465191,0.866868423647113,0.0219838909292897,0.974510117832902
1,241,241,0.95395801322484,0.895250431302903,0.0171357753145402,0.971694671651881
1,242,242,0.951242248593836,0.884208805049443,0.0149500446344664,0.979422409234859
1,243,243,0.947149371181087,0.873436899216213,0.0162653426379888,0.988903293829539
1,244,244,0.949809218935823,0.836995738212489,0.0185581151087033,0.979183605808033
1,245,245,0.949340724948118,0.865114110755608,0.0154106017101905,0.984670599943384
1,246,246,0.947729647594499,0.904281935855787,0.0196609537120518,0.977382952820116
1,247,247,0.954981983984465,0.877113210533138,0.016900868695817,0.983500254147344
1,248,248,0.951095823675075,0.882733244205909,0.0148841800134601,0.986345041736049
1,249,249,0.94794516010424,0.850684694455473,0.0175761008842383,0.985675487702549
1,250,250,0.948171900051749,0.844888585713624,0.0183194740170057,0.961057099569418
2,1,251,0.955021425948095,0.925919836098277,0.0203309010006148,0.971995516191419
2,2,252,0.946363427509038,0.947004730010857,0.0340286888553672,0.974589657490123
2,3,253,0.949948667184178,0.945258204908247,0.0267048219081475,0.973257647415212
2,4,254,0.94921988208719,0.95671232967309,0.0334821047095856,0.974438300653504
2,5,255,0.951731034759283,0.906462598746113,0.0376772656791913,0.966690075988313
2,6,256,0.95054662586305,0.902727963743244,0.0279319359275094,0.968653896157739
2,7,257,0.950345465605638,0.95239518298077,0.0276943424928668,0.970168824523733
2,8,258,0.948561404415803,0.950632423491099,0.0268918089184367,0.977049918266783
2,9,259,0.952143369644216,0.915167565178817,0.0366253803398732,0.965826316932013
2,10,260,0.954620338508497,0.934641688806418,0.0276552871173941,0.975633627711533
2,11,261,0.952226632053997,0.976499176025998,0.0373213731744565,0.97105404577423
2,12,262,0.949697863941556,0.945087663658509,0.0295272027009427,0.964583031947598
2,13,263,0.950750216160741,0.947802636630298,0.0399272594871027,0.973900223732966
2,14,264,0.948971511806169,0.948317314850686,0.0192743165590425,0.976115090249307
2,15,265,0.951868548413129,0.939081123107511,0.0346176567660611,0.961562043149936
2,16,266,0.945406124345465,0.942588676352734,0.0293690522950484,0.967727621393342
2,17,267,0.951954272342955,0.934501991877198,0.02184230093409,0.979792172283744
2,18,268,0.950118477845961,0.925064012779713,0.0179777813395842,0.982445693452779
2,19,269,0.949088279777313,0.918984580519696,0.0170108623267346,0.969013318545192
2,20,270,0.949755645124788,0.906682678345809,0.0188563960301843,0.980823710161211
2,21,271,0.951877261579394,0.887066105985255,0.016715653622199,0.980098880875885
2,22,272,0.946877622109587,0.896620841555961,0.0150741133253227,0.981438505557398
2,23,273,0.947787425612495,0.88367429836417,0.0184109121255688,0.984016908977151
2,24,274,0.946622420240223,0.862761806102264,0.0235380428961518,0.985351231992116
2,25,275,0.949994813728745,0.885804404955819,0.0238480568228301,0.983678873827506
2,26,276,0.945550194493783,0.921688187359191,0.0274437929113354,0.982853030499352
2,27,277,0.950616958030054,0.926928188506877,0.0200499956952124,0.985529233440199
2,28,278,0.9545502549667,0.933980145139254,0.0178938936408027,0.977312994807615
2,29,279,0.94804920878136,0.940586078780928,0.0255934815668535,0.968147651946845
2,30,280,0.949570644335524,0.932768568080818,0.0285204048256606,0.977552557622332
2,31,281,0.951689505787999,0.930147433980723,0.0276152243100362,0.978447038527398
2,32,282,0.947797520037362,0.902469480728737,0.0173610995329435,0.981122057120063
2,33,283,0.946071178678704,0.897120521811172,0.025459256446159,0.982407620996998
2,34,284,0.952697622562357,0.893067448911341,0.0178690584515635,0.986634416044301
2,35,285,0.951236745809726,0.881537875344795,0.0151590065440996,0.987866793654808
2,36,286,0.948833617934347,0.856273287324343,0.0169076765171051,0.984110243569407
2,37,287,0.95124035067682,0.845319488313859,0.0216870738365482,0.984280403585438
2,38,288,0.950004385760374,0.872022250685435,0.0188589910009284,0.982119960696257
2,39,289,0.951934157367799,0.887387361391851,0.0156289703981193,0.983390580287273
2,40,290,0.949242796775435,0.857687022227894,0.0157418625999538,0.990416566540538
2,41,291,0.95019201264195,0.836960386653016,0.00720518405704223,0.985847982246416
2,42,292,0.949836372135567,0.836047348051772,0.0066602956712853,0.988106866949681
2,43,293,0.948110186348864,0.83050279897104,0.00972523266796278,0.992591285661413
2,44,294,0.945807383946684,0.851356740159114,0.0105539151173746,0.99048370813371
2,45,295,0.948890626257894,0.861738362083199,0.00880299556206583,0.991847520545301
2,46,296,0.948480985492642,0.83729009676409,0.0102163393498963,0.992947287699709
2,47,297,0.953266026344202,0.887595419045904,0.0157652196398802,0.986808051456965
2,48,298,0.949958186502995,0.894553548053036,0.0113877108268933,0.990582599478626
2,49,299,0.946823729965849,0.882987652767618,0.0126751789912101,0.983437245927221
2,50,300,0.945531913141232,0.883430517285431,0.0166783396711143,0.991761213625741
2,51,301,0.951719097179506,0.843375959840609,0.0118029398004737,0.98654371793936
2,52,302,0.948843753423783,0.837285547303544,0.0155952288920208,0.994307848590447
2,53,303,0.951173755962661,0.811703766219407,0.0173972559922268,0.987935466199335
2,54,304,0.95064712233868,0.838679071999651,0.0146920817357054,0.980698106674764
2,55,305,0.95344849541736,0.854277271908897,0.0205852148967733,0.982602796230384
2,56,306,0.949997120600153,0.831631163614615,0.0187447555390455,0.981970239232698
2,57,307,0.947506370838624,0.851840236091548,0.00895660000456704,0.979930441675225
2,58,308,0.956465488627292,0.856863728916549,0.0133775535619912,0.979730779996326
2,59,309,0.950404673554518,0.875841945711943,0.00769290284693162,0.985850282304904
2,60,310,0.950675929543168,0.866315328367384,0.011565525906827,0.993360082441726
2,61,311,0.949159330857872,0.872393004948611,0.0210122738212331,0.983743584367187
2,62,312,0.951808281264014,0.865875906429664,0.00973066519048918,0.98607200469659
2,63,313,0.951062731685936,0.853961368579958,0.00874177197024875,0.986380284286217
2,64,314,0.945283689063496,0.863069295898752,0.00555002865157013,0.986028199230149
2,65,315,0.947174926364364,0.887920866923379,0.0114273450910859,0.980713539193628
2,66,316,0.948795181858712,0.873108415683646,0.011602473744829,0.978712174650659
2,67,317,0.951828145936882,0.855180116653347,0.0118862407271307,0.987903464753455
2,68,318,0.95272467321207,0.871488794224271,0.0106537090584751,0.984887404422688
2,69,319,0.949277521435339,0.873039188531477,0.0114602935787865,0.989550142056269
2,70,320,0.952383048882881,0.863808150231767,0.00950522526560687,0.993034495313242
2,71,321,0.949224686208643,0.868229963102535,0.0150246734377235,0.983134831638566
2,72,322,0.951933630190058,0.903409526537703,0.0229294251533747,0.982200102034397
2,73,323,0.948134568169227,0.839756870882103,0.0083289258237752,0.9864581668858
2,74,324,0.942588484248858,0.898158659693082,0.0212854081158063,0.98265456070358
2,75,325,0.953534395043356,0.888689440427721,0.0197036687977714,0.979586563980004
2,76,326,0.951484328748281,0.862899127150061,0.0219394157976511,0.985337996023961
2,77,327,0.950540873445969,0.865451107033404,0.0241770943166396,0.981341907406204
2,78,328,0.948419435722263,0.909056719726935,0.0269998356698216,0.979950044476396
2,79,329,0.947506726267978,0.888493334683724,0.0198544954392724,0.979935910413252
2,80,330,0.954086669364249,0.865373538506421,0.019079611087913,0.982780359146027
2,81,331,0.94706102530119,0.87894679388248,0.0275131225668047,0.978091944996056
2,82,332,0.945241437248251,0.854915481617227,0.0164525602191987,0.98783529236706
2,83,333,0.950430517190434,0.881550600324018,0.0175952529543419,0.982732719726921
2,84,334,0.952765412385101,0.883886877337502,0.0121221337093912,0.982151545772928
2,85,335,0.947789802251329,0.87061321847393,0.0160859368523844,0.989206024319586
2,86,336,0.944404399198666,0.854161337707986,0.0160138557825851,0.989472469164946
2,87,337,0.947956410512133,0.874905898961796,0.0134098875442928,0.989450535088716
2,88,338,0.954279983451825,0.894139329218082,0.0166309416219893,0.994524740151387
2,89,339,0.951878209593255,0.858938661098047,0.0129983045535288,0.986950593373239
2,90,340,0.947292699953247,0.8369588394262,0.010269715273114,0.989019625303522
2,91,341,0.945554365108817,0.84103749116798,0.00819505311599326,0.990844154986266
2,92,342,0.952469796737958,0.806550849434498,0.00783706085239613,0.992783580632985
2,93,343,0.946452811551283,0.832320690774855,0.0116947720392598,0.984808295376246
2,94,344,0.945034817126208,0.788308872090791,0.0063816125113862,0.99547099211969
2,95,345,0.943394795375044,0.825214115299706,0.00445338151145455,0.990195085815112
2,96,346,0.945825722997977,0.827749760757188,0.00672380892121755,0.992127233632183
2,97,347,0.946834416367763,0.826711532504701,0.00894088592673581,0.98617835193098
2,98,348,0.948861184859637,0.824215704955286,0.013066880097247,0.984912143259711
2,99,349,0.947973321259187,0.828327021914225,0.00695618204596193,0.986939366272223
2,100,350,0.947799402182854,0.879298522330613,0.0104767540208492,0.985987322579485
2,101,351,0.9481939429532,0.840677158931468,0.00942968757779101,0.982958081556852
2,102,352,0.949895425657271,0.871831270626833,0.0117035147382388,0.989001342226774
2,103,353,0.952754147789265,0.844444202437937,0.0150573339197388,0.988528026912543
2,104,354,0.951635224559113,0.865592806886112,0.00989875734583021,0.980701366276768
2,105,355,0.95073652715677,0.841210889233946,0.0166811916384387,0.98896231870463
2,106,356,0.948866774656815,0.832492297330454,0.0174345745497508,0.987774068262653
2,107,357,0.95194204769439,0.852156360854741,0.0164304130646749,0.988105257647651
2,108,358,0.953113387674375,0.847971629563031,0.0124170028352553,0.987596973347055
2,109,359,0.955100544788812,0.843942944592417,0.0204334051259252,0.986518026687915
2,110,360,0.953842241206058,0.898477357296495,0.0117098448773265,0.987823692619583
2,111,361,0.949773421725478,0.880550147017919,0.0100535816445121,0.987477511250271
2,112,362,0.95078552426266,0.845206271692906,0.0126457679677874,0.972118792631006
2,113,363,0.951688926539295,0.882847563942057,0.0162613025291302,0.988459033201013
2,114,364,0.950950195716197,0.867017296982479,0.0166856185218853,0.984870565607953
2,115,365,0.946162022609239,0.875649732151893,0.0128598570979115,0.984180348793393
2,116,366,0.949512385168079,0.870454911201201,0.0160685185197426,0.986582926327117
2,117,367,0.954960357831774,0.867110447032684,0.0184855131653598,0.982203248023718
2,118,368,0.952703835246502,0.914758410408953,0.0159711868538386,0.98518540058321
2,119,369,0.95381520827114,0.916920409013952,0.0242995743265015,0.97903953843808
2,120,370,0.948950481449581,0.906243915544364,0.0263301371602385,0.983815453525936
2,121,371,0.954289637544141,0.879560514827056,0.0176174133868687,0.983516923177442
2,122,372,0.95131782730077,0.869700109224052,0.0207845886313609,0.982137037001012
2,123,373,0.954707238238067,0.873653673965822,0.0176819853273518,0.983451434212274
2,124,374,0.947462438665349,0.875679001329026,0.0168529731434346,0.987391569797663
2,125,375,0.951161236531517,0.890844347218516,0.015995371181605,0.980013233191346
2,126,376,0.945296558629141,0.883635613181121,0.0180192525687728,0.987962665711209
2,127,377,0.943372375600662,0.864580139886609,0.0194795059508076,0.98270710146112
2,128,378,0.950374583250417,0.861653019215298,0.0201411362860232,0.977484704304028
2,129,379,0.950921314299499,0.923059336619151,0.0178114994383296,0.980840846634042
2,130,380,0.950181036804295,0.871359613077958,0.0145829003041091,0.982441680814833
2,131,381,0.951245481039791,0.912027807572425,0.0156602465381685,0.983227173615234
2,132,382,0.947632199832382,0.906124069985673,0.0139039606435626,0.982305135435442
2,133,383,0.951445214378721,0.90675411149607,0.0230506153682669,0.983242758298319
2,134,384,0.946600168951513,0.886430588921628,0.016942950438557,0.983128853854453
2,135,385,0.951388804751256,0.876782522921872,0.013156406492664,0.988991416516531
2,136,386,0.946502629639488,0.878143171961869,0.0166775682679561,0.990190507065716
2,137,387,0.951760707584481,0.904116749735191,0.0146496818669253,0.984856118162516
2,138,388,0.948788090300494,0.892837835940262,0.0172148074489066,0.985252019419884
2,139,389,0.949423230295905,0.876950176591442,0.0241038608569111,0.986271654670825
2,140,390,0.952813819621801,0.888935994337466,0.0273774138608872,0.985823368083089
2,141,391,0.946270820126188,0.906285615672528,0.0167839837101039,0.980403938483467
2,142,392,0.950247124792154,0.892671241614806,0.0168394326610532,0.980062694903058
2,143,393,0.949385517141968,0.933066469911971,0.0153281311495028,0.984122160576275
2,144,394,0.954300412764136,0.904752083317371,0.0150097641784218,0.98033199251256
2,145,395,0.952286881094519,0.890519119607825,0.0192807223254844,0.987580505142541
2,146,396,0.952007822036343,0.906071178302365,0.0221871836881444,0.984139643007837
2,147,397,0.94714491844579,0.90519599735465,0.0217804972166179,0.98148670894081
2,148,398,0.951167879401457,0.879598337963831,0.0160482727608443,0.979880430895752
2,149,399,0.950835233797171,0.843395002959065,0.0174767446458824,0.979259676467815
2,150,400,0.950923784883046,0.871993098597168,0.0164168848891004,0.97989084956732
2,151,401,0.947892989054816,0.847764614281168,0.0246162365502906,0.982239085256668
2,152,402,0.948781315460455,0.901486708204819,0.0199290257919481,0.97506541751551
2,153,403,0.951158373414992,0.902732665282966,0.0225095916765714,0.982084472560536
2,154,404,0.946990072156445,0.911868617048516,0.0223855625908259,0.967773809498114
2,155,405,0.947905924388247,0.923973334497652,0.0235201859114001,0.978714630251001
2,156,406,0.951037484132897,0.921899569729739,0.0342495168047439,0.966549078127241
2,157,407,0.94617102585977,0.902417357725659,0.0268419733216228,0.977994734122311
2,158,408,0.948378130851646,0.903231561855171,0.0227282522058141,0.98736502806458
2,159,409,0.9563056824874,0.890437644233111,0.0208115281012711,0.976201065948917
2,160,410,0.947730649030972,0.907947743031928,0.0214630948104863,0.972319376041361
2,161,411,0.945367113274152,0.869885054749776,0.0243161232891692,0.978244524354266
2,162,412,0.945622645370894,0.898167528027877,0.0151904260487371,0.978857882755201
2,163,413,0.949030252996187,0.892177224864213,0.0190993263756051,0.980514384185663
2,164,414,0.950482398262575,0.888342856676623,0.0176462790737618,0.98464617076351
2,165,415,0.954678853694608,0.918648213767271,0.0191722799060346,0.978768248177722
2,166,416,0.950359282286148,0.899403189661418,0.028287727107759,0.973494995004174
2,167,417,0.946903439200984,0.8679882456365,0.015871698917698,0.978767261872845
2,168,418,0.947363147633286,0.922846725334836,0.0181684645436686,0.985285586474197
2,169,419,0.953304975271982,0.896036101389749,0.015262979599704,0.985332529225916
2,170,420,0.950180192245467,0.909011275321381,0.024699822514354,0.975404490418451
2,171,421,0.94450165634998,0.89065328657847,0.0229685639837,0.983706010257853
2,172,422,0.946878718466687,0.902351174904417,0.0158572333428797,0.987060609519527
2,173,423,0.948243619566101,0.908977870084893,0.0247473780463743,0.988966650492765
2,174,424,0.947259692388206,0.909517958861524,0.0174778605768849,0.983458185749386
2,175,425,0.951711348409084,0.89887785800821,0.0220232529361088,0.981749391223749
2,176,426,0.952813070923515,0.922846387148083,0.0257362784807237,0.976830351166816
2,177,427,0.955094603235727,0.890785406054402,0.0195228193471482,0.976259569989115
2,178,428,0.946933376264111,0.922941632070745,0.0310524870440812,0.969485417099073
2,179,429,0.951867058868179,0.925064939360383,0.0229273934293403,0.973700199394376
2,180,430,0.953905601907456,0.914674662696201,0.0270911484319507,0.983636736632747
2,181,431,0.949656668945789,0.941022170761665,0.0242263710132364,0.970115749590006
2,182,432,0.952215485013026,0.908471540733479,0.0196844602989872,0.975397118862919
2,183,433,0.951933828680396,0.896530111720572,0.0228697625916919,0.981781703438934
2,184,434,0.956058924939437,0.901326501516724,0.0234906724951614,0.982319294496622
2,185,435,0.949639185635791,0.909287723026349,0.0263739792084476,0.980162031627188
2,186,436,0.949153526427026,0.92216983759208,0.0138944744979343,0.983023821994013
2,187,437,0.9457741364681,0.917254683229773,0.0205646615927696,0.981804758475449
2,188,438,0.950210153821064,0.909001196888337,0.0241846458996021,0.982859556047217
2,189,439,0.951742170696361,0.91073519063556,0.0259471124643393,0.975651877077421
2,190,440,0.956692455032995,0.912507224772326,0.0233350009485158,0.974603223975936
2,191,441,0.948691720839887,0.895607291986329,0.0141247272763793,0.978374221567149
2,192,442,0.953371115951072,0.899969996196125,0.0178643708178258,0.979668442822815
2,193,443,0.953284207426189,0.855594224607656,0.0194629019451584,0.978094518565029
2,194,444,0.956194360316392,0.864160044258881,0.0186445355451348,0.983654271996973
2,195,445,0.952143436905207,0.874071863885889,0.0218406308227485,0.980481022572442
2,196,446,0.956093901619093,0.88815303596535,0.0182570301340804,0.978343891826539
2,197,447,0.948058040412235,0.891464517706462,0.0187804417020769,0.982573016490648
2,198,448,0.943256853181721,0.873260495016747,0.0117150581245736,0.980813655398
2,199,449,0.950369835809853,0.853966688184643,0.0137003529617619,0.978418463464643
2,200,450,0.952165477327573,0.903014250924312,0.0207701198959273,0.979405886921292
2,201,451,0.94623199701329,0.895469380799606,0.0213929260866647,0.981578385097553
2,202,452,0.94962252795484,0.887435363350842,0.0157034589936921,0.982132321360089
2,203,453,0.948475053259328,0.878705536155719,0.00989349756331815,0.985047954993438
2,204,454,0.953167372860558,0.882396672259566,0.00999064213464229,0.983987072903504
2,205,455,0.952231471873193,0.845562572998534,0.0101686809860109,0.978165906706078
2,206,456,0.952785926903857,0.854678935013622,0.0148127342313804,0.981253624113984
2,207,457,0.947163553746977,0.895941502463633,0.0151275072060829,0.977863133377804
2,208,458,0.950265512192769,0.88816858365016,0.0193847830252982,0.981848450028378
2,209,459,0.949099702905735,0.867573888750256,0.0131641313752149,0.983697900111743
2,210,460,0.952808791494584,0.821478132723339,0.010778826752467,0.979689647643866
2,211,461,0.94876806467777,0.834845112857667,0.0124760798155002,0.988854177791868
2,212,462,0.951520672485612,0.842948014057659,0.0172491036564382,0.983437837236927
2,213,463,0.955586728712502,0.861840074282316,0.0152091849771184,0.974861066177113
2,214,464,0.949298628912363,0.864096347717095,0.0116770618911744,0.989152031920437
2,215,465,0.94764590072047,0.866576161890148,0.00758565118134097,0.986905160461807
2,216,466,0.944983496504153,0.84815233803752,0.007857339887807,0.989121688994827
2,217,467,0.947353013840384,0.836628594893613,0.00816265776860296,0.990506111402654
2,218,468,0.955629415014424,0.845292660497712,0.0110315655384021,0.989796398157629
2,219,469,0.94064508219953,0.87970168500152,0.0168450088242351,0.979276851369495
2,220,470,0.9538780639549,0.859062599314729,0.0122812554402434,0.986809033074516
2,221,471,0.949121297412457,0.855866873844445,0.0110250864147551,0.991363589808997
2,222,472,0.950740838289603,0.849282236349944,0.0111813016440874,0.989881834566702
2,223,473,0.951460281234692,0.839835992797017,0.00931827106408011,0.987526515950317
2,224,474,0.952624207588066,0.846786737552277,0.0101026261950376,0.98173421498939
2,225,475,0.94855551592606,0.844971672656266,0.00875113855832788,0.973077276018138
2,226,476,0.948495805222024,0.854867889470785,0.0147271898747156,0.983348528120893
2,227,477,0.946266781740677,0.827833930185278,0.0146375874150136,0.995484945592047
2,228,478,0.948328967100963,0.837252363806694,0.00777489626485271,0.980336036240691
2,229,479,0.954061296127173,0.850430882620253,0.0151584394276854,0.986603959524147
2,230,480,0.946342349461806,0.807626328616725,0.00563650680307999,0.98920451156078
2,231,481,0.947520799228599,0.812969603023732,0.0097288183521707,0.993100768678907
2,232,482,0.947017391824989,0.854987938416897,0.0107003918812601,0.99093647518068
2,233,483,0.948090328599042,0.855744546219019,0.0119396198576208,0.99110768354033
2,234,484,0.948789971550802,0.876328598353193,0.0128731455748444,0.990405632317703
2,235,485,0.950830196159508,0.861131606263063,0.0149794657046869,0.983119949360533
2,236,486,0.955646579264001,0.848940054868565,0.0170426006500171,0.984565761006901
2,237,487,0.950100212916419,0.868830104439058,0.012873178850511,0.980434686240923
2,238,488,0.95066511281065,0.873804273428196,0.0131093828290454,0.987515083959851
2,239,489,0.951268124495652,0.882882764825903,0.018343362917937,0.97989858237406
2,240,490,0.945660283662224,0.886624330528226,0.0203377720139884,0.980191341042611
2,241,491,0.952981733136225,0.870147923147172,0.016485281042841,0.977144543818069
2,242,492,0.955826626220553,0.855799011673831,0.0154622993171319,0.976209405640455
2,243,493,0.950785593212117,0.849271574695495,0.017933160265805,0.984326836993644
2,244,494,0.956525630396727,0.891552700520464,0.0154381023309009,0.973580434080733
2,245,495,0.949503007844535,0.874431163056896,0.0207875563598528,0.976378179043098
2,246,496,0.95153080425932,0.85075734017884,0.025796106609156,0.984140630714354
2,247,497,0.951198707861798,0.848743794548707,0.0229358529489523,0.980594155699305
2,248,498,0.953249556375832,0.871631492296783,0.0174287553861962,0.981488701993194
2,249,499,0.951625554182915,0.919068743791252,0.0219474126811145,0.980397101993182
2,250,500,0.950432876319386,0.914370461124064,0.029702973583748,0.979810679812953
3,1,501,0.955620110667645,0.930058847128685,0.0242782847904291,0.984470855001395
3,2,502,0.948651446136882,0.922293505040038,0.0163464053244505,0.975293984202652
3,3,503,0.949050474596443,0.912674471623521,0.0218866092542539,0.981477631074627
3,4,504,0.94688134306964,0.903591344212284,0.0230765312943385,0.981310167662278
3,5,505,0.948915913982449,0.906808403268544,0.0200368417644235,0.983413876775519
3,6,506,0.947740847781593,0.893159771285216,0.0232642768116727,0.981146650676282
3,7,507,0.952567529593417,0.924891976814654,0.0182348746797917,0.986756687525248
3,8,508,0.94668785001172,0.890612355488735,0.0212696524248036,0.994928005482915
3,9,509,0.944253987212423,0.884837430253784,0.0163821067387961,0.987044754958569
3,10,510,0.948145151826055,0.882587714656072,0.0212989895103468,0.98719838723617
3,11,511,0.949050285908079,0.903096783303071,0.0178111817762766,0.986675467629019
3,12,512,0.951128198053161,0.849671328162046,0.0141209134277931,0.981793546916433
3,13,513,0.951523393863254,0.8719764211431,0.0167181047510839,0.990433634775119
3,14,514,0.952602478945003,0.873394941449827,0.0191886011569935,0.989314144059989
3,15,515,0.950255761501333,0.923415899923666,0.018121063118145,0.976328653741756
3,16,516,0.946171219733334,0.886640668314093,0.0217929889618764,0.980394983347026
3,17,517,0.951485004733647,0.896100214775962,0.0197176570807295,0.981866006173692
3,18,518,0.953474281458257,0.91187228896533,0.0134422625774227,0.968847252917442
3,19,519,0.948468236015291,0.913283516953956,0.0232563873847711,0.977395182726295
3,20,520,0.948292419059462,0.905593321339124,0.0138331676020996,0.983487784705235
3,21,521,0.947781877692721,0.860964974150621,0.01326820074204,0.982092495277141
3,22,522,0.960297957622364,0.894330800859073,0.016608840749493,0.987392047586803
3,23,523,0.95253538544786,0.908444901689802,0.022337872955118,0.984150386321463
3,24,524,0.953934224556546,0.90139380438575,0.0182273897942957,0.977228548369648
3,25,525,0.951075649170905,0.906348744422471,0.0154122768902573,0.981205721453011
3,26,526,0.947873504519644,0.908682805680528,0.0166447264523249,0.978507960313015
3,27,527,0.944073409786825,0.881351752411987,0.0248647274315881,0.972144735376346
3,28,528,0.949841332782485,0.854214736411558,0.0248423240486227,0.973368058974793
3,29,529,0.950430551303642,0.906886938395406,0.0186430958133896,0.976420191512387
3,30,530,0.946889842634255,0.909500454394387,0.0143549286342979,0.981112495406011
3,31,531,0.945471375717334,0.900384623888863,0.0252441195202445,0.98760008419856
3,32,532,0.945163539983088,0.90110753378946,0.0210254314685334,0.991517290796826
3,33,533,0.949966286440485,0.918226073746647,0.0159243595094915,0.981345556736592
3,34,534,0.957436010055844,0.902407677539614,0.0229863379342435,0.982598142691293
3,35,535,0.946784556855992,0.897601495485904,0.0151964241142827,0.973493820875942
3,36,536,0.948445424074972,0.948726019472231,0.0278195486346787,0.970536178992365
3,37,537,0.945966976817383,0.945190090005403,0.0360322697273466,0.977780348897939
3,38,538,0.948529205534312,0.896065577169248,0.0219231528754675,0.972501376281091
3,39,539,0.951433616024256,0.891233650072475,0.0270824113814682,0.975244847371627
3,40,540,0.949463546934911,0.918409720929786,0.0247558997742647,0.974866793093893
3,41,541,0.95014332492516,0.915298630753686,0.0265398744314761,0.968814277492249
3,42,542,0.950503212955632,0.919411131278899,0.032910054779023,0.971810609922277
3,43,543,0.955672170424359,0.974987221977281,0.0271403161850284,0.965089823055818
3,44,544,0.948453008549247,0.936066203689027,0.0306634993817493,0.97702207371165
3,45,545,0.951949923407051,0.94037519973156,0.031533232718991,0.973949735338691
3,46,546,0.950175949423305,0.939752278851795,0.0250585355911321,0.970682694200875
3,47,547,0.949894762667563,0.915908617247103,0.0178445041293655,0.971830303121607
3,48,548,0.946186807529096,0.903667810910308,0.0157967173353317,0.978528067186808
3,49,549,0.950490748978006,0.874197769526703,0.0193287525387982,0.984068318379149
3,50,550,0.949524561235326,0.889220674755703,0.0147650238726247,0.976438319686056
3,51,551,0.949083328555634,0.885830885313169,0.0119015337404657,0.987554538463012
3,52,552,0.947840888543924,0.838494168993668,0.0150959668643231,0.985926119933791
3,53,553,0.951728131928184,0.898901665881648,0.022558761753902,0.982895361325998
3,54,554,0.950550814543501,0.909699316179828,0.0251777445824911,0.982951345075729
3,55,555,0.949479984777633,0.85062320026222,0.0152287148294907,0.981475278590321
3,56,556,0.954260159900134,0.89337673115152,0.0203354020265328,0.973989384079411
3,57,557,0.955705328699378,0.925040340805912,0.0306110891477961,0.980326199237109
3,58,558,0.954374674060663,0.922155646050839,0.0245882978396821,0.979589760683412
3,59,559,0.945133666626824,0.889869553580186,0.0191549386971779,0.981277160878771
3,60,560,0.950928403954419,0.898975080308991,0.0252607481214258,0.978496239388071
3,61,561,0.953540208678872,0.86255908324638,0.0165569288938096,0.980998212734976
3,62,562,0.951918017612081,0.87802095497707,0.0129711703114443,0.986623325627381
3,63,563,0.950365925740974,0.90275692744475,0.0285451966941879,0.974401337751763
3,64,564,0.95237119359841,0.909105166804831,0.0154185886823756,0.985116685857275
3,65,565,0.94733507168441,0.89362192334037,0.0176004585272514,0.979915587320684
3,66,566,0.952052334305606,0.895336286647585,0.0163800096183396,0.977620848724959
3,67,567,0.948016952644531,0.859313056164072,0.0180383256139058,0.984587588203602
3,68,568,0.944145003167552,0.882420916338265,0.0149435426914619,0.984916344564662
3,69,569,0.948585491968199,0.892108396919361,0.012928246370945,0.981798954814839
3,70,570,0.95098959524008,0.879034017731837,0.014978230225743,0.989867672069105
3,71,571,0.948865908852713,0.904714719347463,0.0157641392389267,0.984873471370541
3,72,572,0.950818500698866,0.892759224994323,0.0129786197503367,0.992019215707974
3,73,573,0.948634204292797,0.882771503042863,0.0165683868969987,0.991010379437387
3,74,574,0.944151974129844,0.85457492843422,0.0141679030173898,0.988016882894026
3,75,575,0.949545160714068,0.91490080681648,0.02117481316172,0.982276069397984
3,76,576,0.951616108559002,0.871496737158915,0.0186121896439041,0.985778602514673
3,77,577,0.94988428689127,0.877810210864429,0.020526411381917,0.977410868017663
3,78,578,0.950627778923545,0.900456444826036,0.017385668067212,0.967037571305841
3,79,579,0.95158782898906,0.878456922919561,0.0145864489710487,0.974627822805386
3,80,580,0.952041025204446,0.871087766513371,0.0171551830592851,0.986638266385792
3,81,581,0.944594066611821,0.866678268636817,0.0190813294420469,0.98382893084516
3,82,582,0.955841657735431,0.8867320301451,0.0102433072438083,0.983071513060663
3,83,583,0.949459798790002,0.860967300743103,0.00711765922496233,0.987394478984841
3,84,584,0.952458985711892,0.833248404216212,0.0111688704221276,0.983099721715829
3,85,585,0.951522113274721,0.869280499381074,0.0103712560953605,0.983059143220935
3,86,586,0.947875793878617,0.828469717844274,0.0116117059995603,0.981929735729507
3,87,587,0.947193163111379,0.79422636228234,0.0108243982068079,0.985635489250142
3,88,588,0.94996537075498,0.828025346050002,0.01222503437421,0.989576793871492
3,89,589,0.946812449789738,0.815054145136468,0.00856057586102263,0.990519410282951
3,90,590,0.950053409760403,0.838991260363548,0.0136329279711937,0.982844130702047
3,91,591,0.949120646397774,0.870006156392542,0.0113802917117063,0.982017971684451
3,92,592,0.949152588104608,0.879862794085338,0.0193312040206921,0.98458315687476
3,93,593,0.951702360395426,0.879607528093469,0.02563598797973,0.980362449223598
3,94,594,0.954247515327498,0.904305770984333,0.0248025745032812,0.976743004904254
3,95,595,0.949842190493752,0.882405065413714,0.0177381361464664,0.983065661335519
3,96,596,0.950743836382766,0.897424621115475,0.0300420714170303,0.961534685336233
3,97,597,0.952235788135127,0.901398595126287,0.0304558148943422,0.965628720612285
3,98,598,0.954926508861763,0.910777433706021,0.034316350955499,0.972296455053595
3,99,599,0.951532232631174,0.904824905004739,0.0177181461235271,0.982053393663312
3,100,600,0.953629589561906,0.910447143545785,0.0199161821932733,0.978995897474133
3,101,601,0.944748796535653,0.859910049398599,0.0185792171525259,0.986084873587614
3,102,602,0.946900098363968,0.915055157016901,0.0226973843853817,0.985596621479521
3,103,603,0.954638633887521,0.869804887611672,0.0184009722704743,0.989212225585402
3,104,604,0.953632625569859,0.883202887198598,0.0227743243306656,0.98567961029377
3,105,605,0.946552614924321,0.899196865398753,0.0148149804118128,0.980713051464135
3,106,606,0.951580197329923,0.896901312985819,0.0217805629425976,0.983441636476612
3,107,607,0.951738783063865,0.881524179858143,0.0175308347871191,0.980827098171807
3,108,608,0.949779865250374,0.890532905961757,0.0148781488533994,0.983322519237936
3,109,609,0.952719588604744,0.881735179074503,0.0166332395348793,0.986482446154186
3,110,610,0.950222113278257,0.893730841584674,0.0196113007362588,0.979006090084213
3,111,611,0.947562491726921,0.905346843216654,0.0179992843565696,0.980833911133409
3,112,612,0.949429982113096,0.854865055791765,0.0141216950127008,0.987933275153135
3,113,613,0.948092584279603,0.850614039972524,0.015595634529649,0.988387694758276
3,114,614,0.949027525036385,0.87915378687152,0.0139528063596043,0.992399025511657
3,115,615,0.949812489949544,0.888290946910559,0.0183206230403927,0.988557527304586
3,116,616,0.95272845193828,0.869076044501406,0.0188535006817216,0.988319645957794
3,117,617,0.951349028390028,0.832552426891541,0.0142602072247045,0.99114660265462
3,118,618,0.950719705062836,0.796945853773698,0.0150489512722643,0.987422622250114
3,119,619,0.941498142203157,0.839362570361763,0.0171730894283225,0.988672050131358
3,120,620,0.95242278051313,0.875939123908024,0.0255113398136205,0.987169370331639
3,121,621,0.950563483764347,0.848708534066798,0.015966724386131,0.986421424034147
3,122,622,0.949708974752802,0.881347392834205,0.0139763030687254,0.990023034715447
3,123,623,0.948652138508264,0.831986222837864,0.0167115103482596,0.991230020951086
3,124,624,0.955576108943462,0.847389919569091,0.0216361458013642,0.987720850511372
3,125,625,0.952642667336631,0.884537300092697,0.0135156979008124,0.981742636584551
3,126,626,0.957145222205993,0.862097482995269,0.0125276892033383,0.988270010155597
3,127,627,0.950423424422614,0.858374022952247,0.0108807399058437,0.992402794361808
3,128,628,0.952809461816852,0.873604524880434,0.00987265430437581,0.985673461212666
3,129,629,0.950093231204556,0.860824598773285,0.017298144334168,0.991659675138858
3,130,630,0.94468829106409,0.88274385340872,0.0209229560643778,0.984277691455096
3,131,631,0.950183940604877,0.846879704363732,0.0166929749829903,0.980827003493783
3,132,632,0.946358873661525,0.838020673183973,0.0121842447219538,0.988952440285127
3,133,633,0.947057983813616,0.882834408193099,0.0234231592119706,0.974703389440121
3,134,634,0.950475954384017,0.879797693696534,0.0182386720803804,0.980449105137346
3,135,635,0.952661672448855,0.917711520201934,0.0212941668707031,0.980157095983062
3,136,636,0.94723136344485,0.925332904649731,0.024074456918452,0.978467798964964
3,137,637,0.94796896001306,0.919459774487001,0.0215675650785218,0.972001689159633
3,138,638,0.951091398789425,0.910201829792539,0.0248370271601441,0.973949875821695
3,139,639,0.953099515646438,0.925551614449498,0.0161003881023148,0.972865504893946
3,140,640,0.955660388333209,0.916813224410642,0.0272585634119671,0.978790448658563
3,141,641,0.953419525879456,0.911699373664019,0.0360623673772838,0.962610819516007
3,142,642,0.948541488589434,0.907719243849928,0.0279735976114176,0.978575137328833
3,143,643,0.95058342596617,0.906599378454793,0.0188058800864125,0.979813794401693
3,144,644,0.944173412281703,0.924451080335662,0.0176469781918619,0.988947575464817
3,145,645,0.948523812478068,0.930273631644379,0.01264647510886,0.984379599198373
3,146,646,0.95006614901015,0.89448966520442,0.0168888899095303,0.989350610344342
3,147,647,0.948054174154476,0.908851369985748,0.0177049043710241,0.982770167286486
3,148,648,0.954028837052072,0.902227356068721,0.0209920236239042,0.982707418712899
3,149,649,0.951445544315808,0.86692895218581,0.0167329226486234,0.981731161395319
3,150,650,0.948081989263955,0.906696233304403,0.0260560676785212,0.987240811549262
3,151,651,0.949123822789461,0.898210006287281,0.0218942342073574,0.985298608564868
3,152,652,0.95391642210279,0.929984292002183,0.0192672525119865,0.982667269100288
3,153,653,0.95238840305449,0.896196131113221,0.0220793541476206,0.982251613959276
3,154,654,0.94813812754612,0.936923019949224,0.0233055020342609,0.976356467150729
3,155,655,0.95107752794616,0.911193950812549,0.0261353753839762,0.983816672126035
3,156,656,0.947868136527869,0.933128499478067,0.0201043571277481,0.981660465326893
3,157,657,0.952900544360511,0.913402982772915,0.0273427535532308,0.97440783794209
3,158,658,0.954136555261393,0.934840598380606,0.0237643382098461,0.971667040584826
3,159,659,0.952079885887127,0.92099785650861,0.0284567214698208,0.982217291939624
3,160,660,0.95094295690778,0.907842692252818,0.0321644907138007,0.978191469476898
3,161,661,0.950269437150811,0.946898926674121,0.02705450848299,0.969394104473158
3,162,662,0.944510455455382,0.923072420172949,0.0392076773277197,0.967791181232381
3,163,663,0.951941994190862,0.916574242775971,0.0217364698925519,0.977317127134148
3,164,664,0.947210188724417,0.959473469615261,0.0281718067953398,0.969900917463373
3,165,665,0.950198784319042,0.932819571753732,0.0318763466006611,0.981760463527007
3,166,666,0.948129810819891,0.966502443452894,0.0265190891806276,0.978198645693922
3,167,667,0.947035939604498,0.922484855245143,0.0219966245108729,0.977474071670118
3,168,668,0.950788122803867,0.941183500930705,0.0232760065382824,0.980423344541555
3,169,669,0.951376930031831,0.93469207690533,0.0206178270377993,0.974066046575057
3,170,670,0.94709777028173,0.935395388324623,0.0245895163123142,0.975201194283994
3,171,671,0.953122826121328,0.897001189067882,0.0181916209975108,0.981838960509856
3,172,672,0.95370768974541,0.885061307649764,0.0296686155765436,0.978868439360535
3,173,673,0.946279379755171,0.90114067366495,0.0170824116710323,0.985622750357488
3,174,674,0.950865341170984,0.882182985318061,0.0169683431054705,0.981849381292509
3,175,675,0.948130895516908,0.847301166837044,0.0224890233999094,0.983218439547322
3,176,676,0.949449779963223,0.889388175334991,0.0138333725964773,0.984886834347799
3,177,677,0.949958303810704,0.909154146354858,0.0137534281554938,0.979010963795185
3,178,678,0.946814285934215,0.893567536042631,0.0257961512845389,0.984677001279369
3,179,679,0.948852316499602,0.903971978083056,0.018344654962737,0.978537020606304
3,180,680,0.950483445045412,0.878074932490982,0.0181213888577997,0.984530705122319
3,181,681,0.9520894779167,0.893608340253153,0.0149565414722284,0.981217284458631
3,182,682,0.946332324059576,0.907074618949356,0.0236199728993347,0.977275580056124
3,183,683,0.949803890983057,0.892412023743905,0.0214710060571941,0.968986574662907
3,184,684,0.949437178690933,0.925537001467233,0.0219106126409332,0.977314357302331
3,185,685,0.95066921447927,0.896869399482805,0.019328147774077,0.987072227467695
3,186,686,0.945876267267254,0.920861409927811,0.0169407442679102,0.977900068803039
3,187,687,0.95204403026079,0.932304860234953,0.0328175878608125,0.972575334196513
3,188,688,0.950640577482848,0.928635419441291,0.0241796696497985,0.977253414954735
3,189,689,0.952604992005111,0.932859998747216,0.0197984034992454,0.987038330177654
3,190,690,0.948848380069215,0.884089394528367,0.0263477758382311,0.981501026991049
3,191,691,0.943123593790663,0.869964172911788,0.0212644875885082,0.97910128231501
3,192,692,0.950771594833176,0.887316346242232,0.0184587225988319,0.988888908369524
3,193,693,0.948737024279386,0.912384739700628,0.0209500800121926,0.983688299673919
3,194,694,0.955349508826602,0.890644786626662,0.0181229325830247,0.979139035800801
3,195,695,0.946826471307957,0.909296837888645,0.0178787877839685,0.976942709033865
3,196,696,0.94635412320909,0.903019025614702,0.0220346759955591,0.992978256917418
3,197,697,0.951003241661409,0.865404070253648,0.0135926837491266,0.992078625397966
3,198,698,0.945489934792226,0.901086045942691,0.0151333243922437,0.983715462482637
3,199,699,0.950041430692435,0.902962955777196,0.0142099875330887,0.990512955824119
3,200,700,0.945180160334108,0.893001989593669,0.0149978532973601,0.990050744903645
3,201,701,0.949624341417244,0.884593356444535,0.0107549322396636,0.985664688447112
3,202,702,0.949010162339644,0.885895391574182,0.0181142933897869,0.990056223273921
3,203,703,0.9495330540535,0.87796223851712,0.0162597956845724,0.994605878215522
3,204,704,0.948499348326712,0.887156861477478,0.0166426275630234,0.983716287427927
3,205,705,0.948050631571094,0.861095489701025,0.00930408004392062,0.98836940491559
3,206,706,0.947418896223505,0.882685758649701,0.0114071166974608,0.995896551852962
3,207,707,0.952290420871829,0.883513032743589,0.0179127479805164,0.992958839012209
3,208,708,0.950877335955911,0.871441090570654,0.0168895105740938,0.990421959667776
3,209,709,0.950204032162375,0.849576764298996,0.0129103165239272,0.988933453325735
3,210,710,0.947889091852268,0.865152131587741,0.0157618552202957,0.994095495131664
3,211,711,0.953928887629608,0.856890958024971,0.0148924013939909,0.989760095179791
3,212,712,0.948409099270388,0.8394644352032,0.00712495151035808,0.994510285903184
3,213,713,0.953471173873818,0.863307500794624,0.0106128279163853,0.993950313442311
3,214,714,0.945946596341457,0.863825637682216,0.0124063409657694,0.989231503132607
3,215,715,0.946148266369938,0.811089028961357,0.00813853375358959,0.995853279515115
3,216,716,0.948142231961489,0.843595845763274,0.0138590045047113,0.991123104505413
3,217,717,0.950325237238873,0.849452262942805,0.0142705645584033,0.985742990654236
3,218,718,0.942267061817989,0.817542846573053,0.0115790855256607,0.989292274980008
3,219,719,0.946492072126967,0.869602494733633,0.00921030286762935,0.990260217832065
3,220,720,0.953674017651374,0.862460905137215,0.00823737893655852,0.992968412329683
3,221,721,0.952234016821465,0.833496592500182,0.0128304782958552,0.988348868190273
3,222,722,0.952198786179752,0.855240645931485,0.0112148579528415,0.982605973477076
3,223,723,0.944061263082647,0.82113480312899,0.00871442848433819,0.977992115371961
3,224,724,0.95049516088396,0.853027650263911,0.00770446408046552,0.991194022042991
3,225,725,0.952016170333457,0.828130055328846,0.0120554828771683,0.992221783704482
3,226,726,0.947869292379324,0.840663717607576,0.00791919895653988,0.991086983556936
3,227,727,0.954568819711657,0.849606836085486,0.0146944677517105,0.985948582434759
3,228,728,0.952300327720627,0.853166283447945,0.0161487308205059,0.985699245486391
3,229,729,0.9508676985436,0.838321406563433,0.0144565079405259,0.987292599395131
3,230,730,0.952477117427255,0.862366482131683,0.0111802631073843,0.983390165800565
3,231,731,0.950242912152512,0.830369550056953,0.0144275972164204,0.982059645322237
3,232,732,0.949034337229536,0.879985810401774,0.0155419686893332,0.992457308695793
3,233,733,0.94670638160267,0.835422276581862,0.0141289010877884,0.974067264559274
3,234,734,0.94863535563917,0.849195318022649,0.0168456204874914,0.97464423878782
3,235,735,0.95141705746625,0.83721062079016,0.0150008128850504,0.982784521967681
3,236,736,0.95576060633925,0.869191545707934,0.0161866870663216,0.982244652087073
3,237,737,0.951743463372215,0.838010118049551,0.0222356172861456,0.97996698511645
3,238,738,0.94412225431682,0.856049907667927,0.0209694698183517,0.985061917009552
3,239,739,0.948158086735789,0.868309872746273,0.00832869264049944,0.9820642713178
3,240,740,0.947877067762867,0.885874689638402,0.0107925217557394,0.985247326849682
3,241,741,0.953583039847626,0.831861679835726,0.0121441789695386,0.989540730242454
3,242,742,0.944849618539685,0.805032073482873,0.010189866960118,0.987986338062083
3,243,743,0.947950945594809,0.852542736265507,0.00477968661494176,0.975396817081641
3,244,744,0.948023716645374,0.859571072827267,0.00624420393839116,0.988990862254238
3,245,745,0.950449750413353,0.861378709367947,0.00776782464411208,0.987207231454241
3,246,746,0.952274021080386,0.88322492676279,0.00883006930422791,0.982500981662431
3,247,747,0.95005963680306,0.868282959635476,0.0108187642857891,0.983973445348099
3,248,748,0.948675039502742,0.83715239802401,0.00879169500230657,0.990745304755688
3,249,749,0.949245769465807,0.831056345256357,0.0123571389508779,0.987000345397534
3,250,750,0.949929512329744,0.861131390182392,0.0155057030170276,0.987404451724966
4,1,751,0.950531102807772,0.836495721057525,0.0130753159131208,0.987132770656061
4,2,752,0.950115300478418,0.864479493970693,0.0218747862546926,0.986045529714853
4,3,753,0.948728753164391,0.870213486354629,0.0160544619759487,0.986309743713418
4,4,754,0.94883796718598,0.872699549298246,0.0143185891348681,0.985450233807083
4,5,755,0.950620874432225,0.85814664641882,0.0193821141627214,0.982111964604548
4,6,756,0.951612843338489,0.869261435883368,0.0158175526900364,0.984346508122118
4,7,757,0.949027919935064,0.807372487668097,0.015226122571054,0.990589718243974
4,8,758,0.952055637087098,0.863502770218775,0.00915024057959593,0.988770317283266
4,9,759,0.949653016793337,0.855856083316561,0.0142316654830284,0.97811837479085
4,10,760,0.951706651542309,0.872141718278428,0.015275861752826,0.983237502992828
4,11,761,0.950055773910442,0.868346680453778,0.0125449242217452,0.980370535744848
4,12,762,0.946079792671281,0.879233831392708,0.0278441648190334,0.977015231026237
4,13,763,0.955287959948131,0.91868314186813,0.0294185587225093,0.977248640043795
4,14,764,0.947914029155871,0.90096435803199,0.0213378036265266,0.981154998862047
4,15,765,0.951275582572266,0.880339637340278,0.0246109793632119,0.972943503932272
4,16,766,0.956077103987893,0.90552393957422,0.0196190652151488,0.980515913322021
4,17,767,0.94624277672658,0.843960660160023,0.0284251683085344,0.983592522534221
4,18,768,0.949893699799014,0.89152295528556,0.0214611554017831,0.97802163683567
4,19,769,0.955765459224364,0.874156066872291,0.0116728933108971,0.983074572037189
4,20,770,0.94907606022957,0.908522438364483,0.0166273154606465,0.981822546545901
4,21,771,0.951296899655843,0.89817425563259,0.0227587155707997,0.976642192561808
4,22,772,0.946786329149241,0.892873617692726,0.0245188058235118,0.97706410991392
4,23,773,0.949116367435319,0.849798537303834,0.0229518015148866,0.976728864863953
4,24,774,0.947788891167612,0.902062389976642,0.0159635302787192,0.98578243626307
4,25,775,0.944499523260063,0.910170414222093,0.0191689534171665,0.980962535686585
4,26,776,0.952129622637421,0.912272104804542,0.0221303429208405,0.972337719904918
4,27,777,0.955052337668215,0.888619837561207,0.019736326836,0.970568050870423
4,28,778,0.947560515234633,0.910167126274081,0.0263457640719823,0.973512732403081
4,29,779,0.952091459087241,0.881210392008304,0.0177876270198868,0.975829138266167
4,30,780,0.949911885740302,0.91410685920839,0.0233248159643477,0.980426331367952
4,31,781,0.946212449465154,0.884473301124679,0.0162097161885957,0.990165920512587
4,32,782,0.948402004481608,0.930735671444609,0.0210963867031009,0.980740274055951
4,33,783,0.948840051082891,0.915972956551043,0.0183070394118578,0.975402310776079
4,34,784,0.950772085813397,0.86535406148938,0.0247168395256424,0.976899863586909
4,35,785,0.951457980505915,0.83975184605847,0.0157680944051953,0.985226639364955
4,36,786,0.949809701259219,0.8946444048773,0.0101261251326623,0.988810066425999
4,37,787,0.954370091031436,0.885357462336927,0.0206706529228666,0.973919875515383
4,38,788,0.952712200875821,0.865887810617814,0.021337009317704,0.979920329277876
4,39,789,0.948423874479154,0.867773420802776,0.0176502968808197,0.986248888039838
4,40,790,0.945725712973062,0.903697072969392,0.0241773724506943,0.984349104160382
4,41,791,0.944388131829077,0.862709634852636,0.0152858414992089,0.97960565365825
4,42,792,0.950202452904782,0.877031543892096,0.0162092127030925,0.985414826982125
4,43,793,0.952863491016217,0.896823408286465,0.00853076013173102,0.986135830822989
4,44,794,0.944428703465557,0.862741314744153,0.00560224634713841,0.990747051109418
4,45,795,0.944521564270096,0.877260798393268,0.0101748698786583,0.991899349739169
4,46,796,0.949147077501801,0.859218349349852,0.0117086446994166,0.992670742996069
4,47,797,0.946862437679534,0.873224892133312,0.013928966515941,0.985970726243415
4,48,798,0.951110152091329,0.861515731569995,0.0124597467996179,0.989368544826756
4,49,799,0.946469503276013,0.868708849528163,0.0135369550385918,0.980052367638442
4,50,800,0.954001532746525,0.907563415540195,0.0212800260532437,0.979523260214869
4,51,801,0.95027931783586,0.881164626779604,0.0210078389532297,0.980226745027704
4,52,802,0.948020944339433,0.914943146254123,0.0136684100031882,0.987724129435683
4,53,803,0.946107217323092,0.880789291692435,0.0177003645186824,0.989647048967164
4,54,804,0.944621208985819,0.908361495386602,0.0148471588622003,0.988566306619875
4,55,805,0.952656753774342,0.854211197872684,0.0153163665763129,0.992555443048083
4,56,806,0.950740359469876,0.840858437920282,0.0139509188905495,0.991163754649285
4,57,807,0.951678408408579,0.883433360938084,0.0182056335674501,0.995020328895248
4,58,808,0.946999209908184,0.87855431422387,0.0134497467142219,0.987137745208629
4,59,809,0.949079191524741,0.869397579497162,0.00935693759785695,0.989976418088975
4,60,810,0.952695184745795,0.84589369928383,0.0175112460491977,0.979646797584049
4,61,811,0.948511827541785,0.866915681987135,0.0175735134477939,0.986918334383111
4,62,812,0.951952171804285,0.892104817623687,0.0143529988345721,0.985097776389397
4,63,813,0.94833892675774,0.878129620599837,0.0192251824236,0.98025799190432
4,64,814,0.946488168568568,0.857428154023682,0.0141664281933208,0.982539595460346
4,65,815,0.952138726357444,0.897515243427268,0.0121716012174731,0.991971943466266
4,66,816,0.947686833995249,0.876765658563254,0.0155941582103765,0.987805790366465
4,67,817,0.947203318441222,0.88917354977838,0.0135177074400059,0.990845896199772
4,68,818,0.950643812994705,0.887778667951847,0.0120921339908751,0.994867039296145
4,69,819,0.950239754548368,0.8565388239793,0.010196756467698,0.98332511242465
4,70,820,0.955550256817147,0.848360638115071,0.0121024685743776,0.989519889519336
4,71,821,0.950033589055939,0.853693192992526,0.0151683505412743,0.980064405658208
4,72,822,0.946567730787834,0.87476832982117,0.00989251896061215,0.987303221812207
4,73,823,0.948567431002594,0.862316057561043,0.0204565544468161,0.993315429276075
4,74,824,0.95052952886837,0.819967526273728,0.0094415697215258,0.992174353384097
4,75,825,0.951697055136346,0.837814651239518,0.0132688717292208,0.991875958104117
4,76,826,0.952759694929872,0.864416688443254,0.0132634798197333,0.996685269444728
4,77,827,0.952163483116937,0.848073207223204,0.0136416367911653,0.988335306341294
4,78,828,0.947399079113456,0.853302274513619,0.0167072746876831,0.990599570551748
4,79,829,0.945195559360097,0.847216989837722,0.0129623367404799,0.99776029180627
4,80,830,0.939242229117336,0.858506861724708,0.0109084963900832,0.990812284163667
4,81,831,0.94740908768588,0.861049884193924,0.00981678750625507,0.982753889082425
4,82,832,0.94631210200755,0.850015105910863,0.0170001701504739,0.988923590086822
4,83,833,0.948490117276143,0.85950562962885,0.0135861409445205,0.989374921673579
4,84,834,0.951571563160912,0.860812629225062,0.00908911105629871,0.990637384635558
4,85,835,0.950933704196242,0.888260836857341,0.0089381835289783,0.994380180433309
4,86,836,0.948828486757226,0.847490341737717,0.0168434622730631,0.995669521636617
4,87,837,0.953396494878677,0.829008859679984,0.00806768820810272,0.990446694259161
4,88,838,0.948357360080978,0.86326110876525,0.0113767457468639,0.991814422273843
4,89,839,0.951374378759822,0.83543276087188,0.0134449709445663,0.993602496953403
4,90,840,0.946856157939689,0.870604282051375,0.0139676837847072,0.98438493737229
4,91,841,0.947037843260882,0.875478337234183,0.0111096152715713,0.99292062951564
4,92,842,0.952373651274242,0.874672034816935,0.0179660415750329,0.992421654548225
4,93,843,0.948059457139718,0.841531121209596,0.0084490904105677,0.995330294363802
4,94,844,0.94833687145253,0.895187230900864,0.00723465679813805,0.992925682218623
4,95,845,0.951848883260165,0.845226876411772,0.0113949680750702,0.99138086924212
4,96,846,0.951103547708926,0.862851933518118,0.0103250084599191,0.985985812731636
4,97,847,0.954342207916289,0.879785938371382,0.00865207080260292,0.991821658991616
4,98,848,0.948237917825611,0.848079663250871,0.0126706061685143,0.995481303558269
4,99,849,0.944823669475524,0.818044200194751,0.00999096503411325,0.99402547441604
4,100,850,0.952197620179834,0.812330106408502,0.0079436986409484,0.988663348534449
4,101,851,0.949684983165904,0.83539844937211,0.00922055411725635,0.997597704552241
4,102,852,0.94788963074739,0.863746671542615,0.00928675596956949,0.99393934004766
4,103,853,0.94335803580738,0.878295245736872,0.00740056414109813,0.994198777924527
4,104,854,0.941881022756326,0.826977618280774,0.00708534286816147,0.99467521260418
4,105,855,0.953279802367818,0.873765255927849,0.0089309394432215,0.996286393353052
4,106,856,0.947699873115284,0.859629110405225,0.00897968411677539,0.995457098242295
4,107,857,0.950810392420103,0.858957203709903,0.0110904472203391,0.994648622817173
4,108,858,0.946918910821184,0.856159430167972,0.00948475307403581,0.996177446251075
4,109,859,0.950419009839968,0.821077520436389,0.00509266024497621,0.992206612083411
4,110,860,0.946995665515352,0.829749011224247,0.0102172789355961,0.99213727595553
4,111,861,0.953605366017905,0.837089005485968,0.00925937813625977,0.990537296148228
4,112,862,0.951007715049762,0.837736971465768,0.0143297455858145,0.984982450870092
4,113,863,0.944278617728067,0.849656001540649,0.00808774817814535,0.991752529333984
4,114,864,0.953192695794441,0.835590261784532,0.0107742247917533,0.996182780861346
4,115,865,0.948083464398721,0.854703272574676,0.0108121663556954,0.99302461104407
4,116,866,0.95214759017826,0.857495502090009,0.00913607790052133,0.99076353961155
4,117,867,0.946897329635433,0.853576104701059,0.0119929148291713,0.986250438811903
4,118,868,0.95186599971365,0.879974868610794,0.0113283607366487,0.987412640306117
4,119,869,0.951439201612684,0.868900291247983,0.00677298134043512,0.994701755248996
4,120,870,0.949920743786537,0.850686127358814,0.0106322187125659,0.993229513500201
4,121,871,0.946512940634055,0.866127015743527,0.0085640444963558,0.991554917252924
4,122,872,0.953576228543144,0.85356600920339,0.0123180725989716,0.992959121050563
4,123,873,0.950650521446176,0.828778606242026,0.00735234625122564,0.991936302298065
4,124,874,0.946952014548467,0.884052348819267,0.0167540523702091,0.989107086965317
4,125,875,0.946048385433503,0.836194639909656,0.00589747048628174,0.993685684370922
4,126,876,0.950813068562236,0.847092635141636,0.00941782992203667,0.995130497796981
4,127,877,0.945623977720848,0.8274451329383,0.00787270637531588,0.996817873307558
4,128,878,0.94490030109398,0.827995534612456,0.00550864009680809,0.987026511079318
4,129,879,0.948416547162054,0.818290458577534,0.00704205751069038,0.988873963255609
4,130,880,0.950310298505592,0.865826701009753,0.00426346892545977,0.991801896893567
4,131,881,0.947561407114242,0.837377948222719,0.00819111817411446,0.990560606697644
4,132,882,0.950759770425803,0.850275196181018,0.00867119797073707,0.988628045371261
4,133,883,0.953227753587598,0.832229629021806,0.00896922842567861,0.98592931836732
4,134,884,0.944225440878122,0.861252036854614,0.00535245929123037,0.99248547028778
4,135,885,0.950222236377878,0.840221668638837,0.0123973088345102,0.993038886046357
4,136,886,0.950451772480578,0.845535147265179,0.018599386226483,0.985731679565199
4,137,887,0.943399119247971,0.852497954313515,0.00803773292148754,0.99058806816844
4,138,888,0.952391021584116,0.886988419208181,0.0185965697902109,0.990601226235651
4,139,889,0.954238840331676,0.831491831285024,0.00862098478190316,0.980533441296811
4,140,890,0.948538859298716,0.871905182164043,0.0160688694756307,0.986375637300023
4,141,891,0.957424194632069,0.863954505631657,0.0166191166690572,0.987249008669205
4,142,892,0.947867922753752,0.886037579102252,0.016069366202154,0.98860847259304
4,143,893,0.943951916289616,0.868960339316624,0.0121043203297041,0.979231348776007
4,144,894,0.95097623744108,0.89104174603902,0.0176309478172227,0.977084604565185
4,145,895,0.95108507219177,0.886355423900183,0.017183141679937,0.988400434597517
4,146,896,0.954399988634695,0.849824442488149,0.0166815397577251,0.984438683177369
4,147,897,0.948722677468786,0.886472553719054,0.0205851158805849,0.986007568078115
4,148,898,0.952335256296838,0.872047818484599,0.00858437423871342,0.991892047558382
4,149,899,0.949905417111145,0.831495220678764,0.0166765872572701,0.992791844116853
4,150,900,0.946169050380256,0.878027936206541,0.00965509020500891,0.991764595730278
4,151,901,0.947749085167462,0.822839534700616,0.00777098469793897,0.991969614744965
4,152,902,0.951537568082348,0.873875468164477,0.0107655546738049,0.987000182666415
4,153,903,0.945231503623572,0.899263247645332,0.0137539598267625,0.987944682660494
4,154,904,0.952026198100038,0.835244443224057,0.0144372570366246,0.977764245763812
4,155,905,0.946168635313996,0.881685354633788,0.0181116133352192,0.986966014410557
4,156,906,0.950388512390146,0.870530533974717,0.00905706280348833,0.991656581994858
4,157,907,0.946773133652474,0.836836586741428,0.0146120937417517,0.993073710100653
4,158,908,0.955661369229305,0.881492351204524,0.020062384014254,0.99076197605731
4,159,909,0.94904369858443,0.89963454639797,0.0186966005257689,0.989902337539215
4,160,910,0.94788316375355,0.881453559181138,0.0135099339184119,0.986909473353116
4,161,911,0.950221037982196,0.886913975365364,0.0164036069578979,0.989543774517223
4,162,912,0.951104534759441,0.899910802454955,0.0187547978719036,0.982848889701094
4,163,913,0.950077812502624,0.893172473723438,0.0182050331416575,0.980841268020858
4,164,914,0.944874717706177,0.909451688152176,0.0134083394924113,0.985251645354663
4,165,915,0.943409380489375,0.908171377840127,0.0193232982794784,0.973228545239944
4,166,916,0.953088104099958,0.926930687716041,0.0157803649993888,0.981894253459545
4,167,917,0.954416307218202,0.894669088037891,0.0165227356328463,0.984460706984753
4,168,918,0.948139121751596,0.911083820055454,0.0193744384262923,0.985669343663357
4,169,919,0.949331568646727,0.882072046714945,0.011964957857255,0.989983997977669
4,170,920,0.949103288474413,0.887473422429074,0.0107805464997056,0.987243846825135
4,171,921,0.948496206142189,0.853037581746012,0.0128183454315224,0.990725051131369
4,172,922,0.948136469681263,0.903597062364985,0.0134424443603514,0.985709791095773
4,173,923,0.949594761521467,0.884002279280974,0.00749987436236128,0.988166415263517
4,174,924,0.948149625425445,0.900507675575716,0.0217253873210055,0.98893156545689
4,175,925,0.950185681897841,0.894545970073394,0.0127630368402012,0.988561066992555
4,176,926,0.944330487773981,0.909909199197094,0.0157880609049273,0.989305666414446
4,177,927,0.94943155365993,0.877855482134958,0.0134741771990697,0.992894064754508
4,178,928,0.945630227098511,0.874499533466832,0.0157939008480675,0.991031532313251
4,179,929,0.946578900136258,0.860874565380681,0.0237600507063909,0.989598307305185
4,180,930,0.945754361617539,0.826134101290044,0.0235193831975304,0.98514645964566
4,181,931,0.952249008937365,0.877627209546635,0.0104728070775882,0.980859767192528
4,182,932,0.948300133882819,0.856837642834138,0.0144489538475608,0.981974417253173
4,183,933,0.950106718809026,0.824850689120536,0.0248063364473851,0.987209591199929
4,184,934,0.94521951351745,0.878602245460793,0.0141622465255536,0.97768607355381
4,185,935,0.949992338464424,0.886115835734344,0.0159809355683538,0.987094475399589
4,186,936,0.945614011150339,0.899834886388366,0.0207682251489012,0.98697388955141
4,187,937,0.954611085978398,0.890244398153268,0.020009356814324,0.988363846748202
4,188,938,0.949703574461278,0.891512295201623,0.0137725378512133,0.985791934764871
4,189,939,0.950157282209247,0.872018900958893,0.0106964833174048,0.985666889731371
4,190,940,0.94874097370301,0.841331970792818,0.0141973283652991,0.974689004540109
4,191,941,0.946400206067194,0.822101224209337,0.00826360748568565,0.987155055471718
4,192,942,0.952691009697121,0.847664512543286,0.0107301195997494,0.992246819734856
4,193,943,0.95645871235442,0.842450038967272,0.0111045547447276,0.990061776914117
4,194,944,0.948370584186715,0.889652188306616,0.0145715556275727,0.983372929467308
4,195,945,0.952758966496962,0.883091863603318,0.0133906482256237,0.990437101095954
4,196,946,0.949202753107124,0.86747420423814,0.0134750957365996,0.978307058938981
4,197,947,0.942486821007864,0.91415306932156,0.012976491252741,0.981164922167308
4,198,948,0.947055634719204,0.8868650143703,0.0182686679034777,0.989360839352795
4,199,949,0.947401490390948,0.829354533752229,0.0124878257856388,0.982862624740416
4,200,950,0.948734948346991,0.865775905920113,0.0155845772683334,0.98445660005814
4,201,951,0.945699558912217,0.917106606890112,0.0140034693406247,0.979052771426187
4,202,952,0.947622862554386,0.887947522661264,0.0194077447574661,0.984063111312263
4,203,953,0.951198270956538,0.919995707319221,0.0256092279031382,0.985316234426987
4,204,954,0.952804053707216,0.870161543329206,0.0209328881447383,0.984749762189316
4,205,955,0.946594847237197,0.897639823590273,0.0187808362254123,0.971677536235398
4,206,956,0.949354659022131,0.886955677494848,0.0186887202368018,0.976696392375302
4,207,957,0.953852480320614,0.911498336001751,0.018845459382483,0.980872157385268
4,208,958,0.950624766273459,0.923872001151299,0.0213031252041757,0.982416874450793
4,209,959,0.954384892993087,0.916201861908741,0.0258439127553484,0.985986278722306
4,210,960,0.949941058560127,0.884238970893963,0.0188130775581888,0.980111600489218
4,211,961,0.947784071832745,0.882858040910481,0.0167879794868582,0.979192804172184
4,212,962,0.948811653704349,0.857730865870606,0.013383105955657,0.985355210603594
4,213,963,0.950115543056924,0.898605703852006,0.0207546432900953,0.984099002406383
4,214,964,0.949095882051485,0.863288964485247,0.0185165020036075,0.97445204156126
4,215,965,0.955216177490465,0.905357891097945,0.0180356833950826,0.982990554780301
4,216,966,0.950200918852363,0.880027745293306,0.0207515883705328,0.988633820379782
4,217,967,0.950734207978935,0.905145262125296,0.0234881047052995,0.976105693237671
4,218,968,0.951110927335196,0.915123332903163,0.0279746631025963,0.973058146016178
4,219,969,0.951965758530083,0.952502864119009,0.0229563810730102,0.975400719705714
4,220,970,0.950215710068177,0.925670468547713,0.027607959978885,0.966694308329694
4,221,971,0.947833127578322,0.916024622280515,0.0209014740334758,0.9664516714811
4,222,972,0.944726031949316,0.91765609328959,0.0196695402150042,0.978993774299901
4,223,973,0.950084249924838,0.882068700856197,0.0223543484399688,0.992180887390154
4,224,974,0.949092084824004,0.861723747888521,0.0172716048976649,0.976101269889611
4,225,975,0.950270757840993,0.882601056511356,0.00853140664352398,0.988167902895508
4,226,976,0.948388986849939,0.913832147490997,0.0158347668063073,0.986716688406661
4,227,977,0.949803776367929,0.833602988110673,0.0174288214402393,0.981018391553395
4,228,978,0.951942476917342,0.858562182118638,0.0171045873451861,0.985351546932211
4,229,979,0.94740441222871,0.907548238940842,0.0181753113529137,0.981376478964445
4,230,980,0.950720056276298,0.883615997719753,0.0161124357891678,0.981210744235727
4,231,981,0.948226757108018,0.854585573154282,0.0171321449238627,0.984257835365875
4,232,982,0.945175855042647,0.864990880134028,0.0185262196869363,0.982062917716111
4,233,983,0.949551893680737,0.840584716202392,0.0197602557585565,0.987319134612763
4,234,984,0.95464121247359,0.890081887374981,0.0112540375913845,0.980761843955853
4,235,985,0.944208872876963,0.875720945553658,0.0125424013031844,0.985307828208656
4,236,986,0.943204380160954,0.858317317150853,0.0114828366317076,0.991374901009444
4,237,987,0.945146852297366,0.881284580932074,0.0110011141179968,0.991064963634495
4,238,988,0.949469926044916,0.87581077323263,0.00960911333935479,0.991350520641206
4,239,989,0.945355820327653,0.872098804580977,0.00694238814737393,0.991919515494537
4,240,990,0.951023266024391,0.83673634609033,0.00685275351441964,0.9911127597745
4,241,991,0.947181000179627,0.87917665142572,0.0136352439218772,0.991711546564259
4,242,992,0.946248465298399,0.881383623622802,0.0216192241310523,0.987926586480501
4,243,993,0.944100790875422,0.925378125318843,0.00900045921010965,0.983969974079346
4,244,994,0.946868240955483,0.899451088244147,0.0202143545634438,0.990906763422471
4,245,995,0.952428201009298,0.920448668535123,0.0166079711021928,0.987720503819338
4,246,996,0.953014984451912,0.842469557704474,0.0195685180142198,0.987625784884751
4,247,997,0.950988304411236,0.901034609525016,0.012251561054939,0.983562662059486
4,248,998,0.950172499791325,0.919709782606566,0.0144415324658905,0.988289303103021
4,249,999,0.951305293364595,0.917636196457498,0.0164718751701349,0.988954777895542
4,250,1000,0.949903230280991,0.916842014642028,0.0182400064612132,0.984599526620739
