".chain",".iteration",".draw","Se","Sp","tau2","theta.1","theta.2"
1,1,1,0.946790785735456,0.880290995528486,0.983529854512543,-4.10002679033814,-3.45510538997881
1,2,2,0.947291774362709,0.870300689935405,0.987825021106323,-4.59424030305984,-0.32256625140467
1,3,3,0.951094751285186,0.899355035023428,0.990303402272643,-4.39152533546778,-1.29630065038543
1,4,4,0.951774943662236,0.887155325364464,0.992120429504671,-4.24484028390841,-2.22688214459169
1,5,5,0.949082700706334,0.866154975837998,0.990612817683214,-3.83963619516632,-0.507342853575153
1,6,6,0.947444113923123,0.897293018002483,0.986126743381599,-3.97916384753214,-3.26320279284274
1,7,7,0.945226041604972,0.872265228992749,0.990554802037286,-4.06371467651379,-2.84044742368418
1,8,8,0.950199556122753,0.850092138224389,0.987037792100384,-3.9895470135315,-1.07797094784288
1,9,9,0.949272971336311,0.893730409348319,0.987224833740136,-4.34491408200533,-1.62040429348954
1,10,10,0.950149905944135,0.861912581747092,0.986717446024959,-4.33095842045875,0.481627843108254
1,11,11,0.946230733787652,0.900851236169494,0.984797737613805,-3.86032337649056,0.615713007576127
1,12,12,0.951295912435243,0.923008447864763,0.978411825352636,-4.24805821857812,0.655483422967147
1,13,13,0.953534032562515,0.935300176564446,0.989096176536832,-4.65497986285571,0.841028480426477
1,14,14,0.948280337372152,0.862471838907205,0.984143532488499,-3.99903075766185,0.5746525185475
1,15,15,0.949580655256428,0.90631718003103,0.97989223735705,-3.79567478094815,0.258946247393729
1,16,16,0.955168717278011,0.893949416580081,0.986838767527025,-4.04906284947988,0.47153607881781
1,17,17,0.949922208443476,0.888910459000473,0.974174934404613,-4.37848892871534,-1.1150695952705
1,18,18,0.949566462972893,0.881785036575817,0.977060162429294,-4.15930272346556,0.348142441182583
1,19,19,0.949186147946943,0.910687800158977,0.974836354675757,-3.69244674104001,0.332494038931354
1,20,20,0.945550368981586,0.918935124320478,0.976068232355276,-3.95085140481375,0.828528087421064
1,21,21,0.947731626212118,0.920560581439651,0.975534620038585,-4.00847779788088,0.555391194605144
1,22,22,0.948163479626955,0.916807957230319,0.970967563986279,-3.76453379628864,0.351654334768189
1,23,23,0.950575397739482,0.915175508626146,0.976418393248683,-3.85695200683756,0.844649966006241
1,24,24,0.949108447730656,0.916190730884639,0.974730001853206,-4.15041048009689,0.756751699468612
1,25,25,0.9435067453618,0.924075631490867,0.985230069839396,-3.86234076501279,0.481246255592214
1,26,26,0.948200228127553,0.908783498609668,0.987077782166815,-4.38572714820196,0.855578298069099
1,27,27,0.944825106724155,0.949461961323133,0.982993291386883,-3.88256103672103,0.498306222688947
1,28,28,0.950949982145792,0.891120567509328,0.986390780281255,-4.27146997149807,0.660050766274521
1,29,29,0.950866355173289,0.934556932596802,0.985189218987977,-4.53185365382052,0.782801420003237
1,30,30,0.954649737082602,0.887241757981914,0.979794933942184,-4.47573358347658,0.581033271125982
1,31,31,0.956445214985386,0.907237119185271,0.981075440972409,-4.33382589070142,0.126286172511798
1,32,32,0.953339354356828,0.843264057257622,0.987047340191499,-4.21395227316591,0.29694678345152
1,33,33,0.94715831657535,0.888729785233245,0.984102300264963,-4.4133160200656,0.531895796039865
1,34,34,0.946291297670132,0.885459299659672,0.986406658103511,-4.71470850250882,0.406356079009749
1,35,35,0.951260535013024,0.846427337995488,0.985209685316032,-4.12752528798919,-0.776153317637401
1,36,36,0.951013387425995,0.863000994038733,0.98189891607735,-3.96295881092921,0.518791419199367
1,37,37,0.944603478505418,0.827517037403258,0.983710801734914,-4.57726880617852,0.134031531000003
1,38,38,0.952778081188619,0.81716744591237,0.977245965999575,-4.47647572932183,0.192206302306349
1,39,39,0.954007238176281,0.899117280177487,0.979991058103746,-4.24144656866299,-5.12710545469315
1,40,40,0.948010881614809,0.877709937047864,0.985012493399467,-3.89570198892763,-2.98767205522822
1,41,41,0.952526301138944,0.86871737735899,0.993560171395264,-3.92561851839535,0.357897911882139
1,42,42,0.952626228425378,0.858981061180765,0.985906140629533,-4.35921769158848,0.645939976365553
1,43,43,0.949988573837428,0.826384860685217,0.985239011056972,-4.77712892958982,-0.362682611451757
1,44,44,0.947800885492871,0.869478676420309,0.990107974025905,-4.39660906737212,0.654369834297438
1,45,45,0.95525059141073,0.871620598273913,0.988871292052193,-4.09694920787777,0.172084964718938
1,46,46,0.950338513236712,0.865585903106674,0.983534018390094,-4.12573698380193,0.582916606078767
1,47,47,0.946586258062641,0.912388313600664,0.986995940649892,-4.30640889979185,0.753314260151836
1,48,48,0.94538256818348,0.890759381083392,0.980680055044145,-4.1982849033128,0.671025251334264
1,49,49,0.951335891549804,0.924439307308263,0.982381193288745,-4.05530010247853,0.883186276785481
1,50,50,0.95234628379866,0.896729289974746,0.976132227599832,-4.00724661167828,0.716451748101169
1,51,51,0.947487625587083,0.950380162043018,0.979009805923888,-4.26239004045917,0.950501524395867
1,52,52,0.94706069585053,0.931669788299711,0.981927019578363,-4.40462476957182,0.958611688043224
1,53,53,0.946670322180531,0.883024582337223,0.974083563729756,-3.75311285887898,0.178481584330189
1,54,54,0.951291329572144,0.900156868336402,0.971361297040121,-3.70070080612908,-0.0731567033695276
1,55,55,0.943819597056035,0.868963169652812,0.985932066275133,-3.75510331493261,-0.555301129965638
1,56,56,0.948301045349321,0.879519948233546,0.991973380261955,-4.2746242435408,-0.0125911760608872
1,57,57,0.947957885817396,0.85583803680227,0.989265690916605,-4.06482798199914,-0.667887390325321
1,58,58,0.946578941222026,0.892382662952873,0.989726876700659,-4.21204610636946,-0.611402737333276
1,59,59,0.944224170404416,0.857332366395028,0.984885932895448,-4.38002553325903,0.0916080317772465
1,60,60,0.951503762165347,0.865101157394672,0.987295287255453,-3.80690286217751,0.407346675971624
1,61,61,0.95502307659695,0.900210143832891,0.98475934631028,-4.20815146916957,0.30993311123556
1,62,62,0.945100662740448,0.834504055184175,0.984725009288088,-4.22088925909072,0.0788049344126954
1,63,63,0.947474957794466,0.90223862294966,0.978451704614617,-3.98205976124443,0.133666881607288
1,64,64,0.955292004296472,0.891395541508426,0.973743762965228,-4.0377195168074,0.386608646596728
1,65,65,0.95241920480348,0.902169280140641,0.980212070010349,-3.89281355571877,0.245728485252952
1,66,66,0.953003267533199,0.917572619263355,0.984133778556206,-3.86812421426266,-0.340259148692829
1,67,67,0.949102518236466,0.898793222756117,0.968693646309545,-3.72946042814741,-0.476603768353865
1,68,68,0.957369077951651,0.896052575404171,0.980629672427735,-3.88607664633349,-1.0368297475259
1,69,69,0.949485328559384,0.902375727355676,0.980724725162504,-3.98015822782923,0.109992282450287
1,70,70,0.947139849041339,0.866658284176393,0.980786989168733,-3.93367567955289,0.404163921673198
1,71,71,0.954854064151536,0.877431493109053,0.977468275806141,-3.64095530299824,-0.159900468142266
1,72,72,0.949579914178435,0.87714358882149,0.980937738595744,-4.39791373295203,0.507241653909648
1,73,73,0.956549495845701,0.903128247133416,0.972683142580569,-3.50842538846042,0.51184665083808
1,74,74,0.94855623888992,0.930385886894886,0.983065879815762,-3.9145898255225,0.678595500332302
1,75,75,0.946912941283999,0.950806881023257,0.976948516467325,-3.73743949733636,0.557204183878634
1,76,76,0.951139284953549,0.935828511636385,0.973872386369331,-3.81781168538035,0.818122769259966
1,77,77,0.947230295553337,0.939623946615477,0.977044299152013,-3.97530142089213,0.587754672907352
1,78,78,0.949601886210587,0.92552418595481,0.986777505328947,-3.85627889579552,0.619498142732513
1,79,79,0.949157798378228,0.903984370562727,0.985066580366127,-4.24060661864507,0.656535585585565
1,80,80,0.955156711781382,0.898907197299519,0.975031473972642,-4.00291680397991,0.788328718492114
1,81,81,0.949588397017107,0.857160991651448,0.99116985848223,-4.16953275369459,0.586077222287553
1,82,82,0.949962228082368,0.900898426461645,0.993448035582196,-4.15620077616291,0.0709219426689429
1,83,83,0.95254067163225,0.901521068342204,0.988122418096633,-4.37129254063863,0.513185185102786
1,84,84,0.94982102073992,0.853941089840018,0.988631514202103,-4.25703685319634,0.70670069157163
1,85,85,0.949847800507012,0.879001214369969,0.989144376232472,-4.62911081180893,0.927811491286298
1,86,86,0.947263922996043,0.881140400111172,0.989219479289452,-4.5788582797924,1.03511083763046
1,87,87,0.943394713346792,0.845207456115341,0.989343520798968,-4.91044864380756,1.58757448617417
1,88,88,0.949393373908956,0.89167488013222,0.986045017760782,-4.03646778997431,1.00208479439321
1,89,89,0.950626714952008,0.904925707200309,0.985980578214525,-4.04298121611228,0.808590469386632
1,90,90,0.954722999140875,0.837494843784075,0.985509277081695,-4.64503708515266,1.08212816622285
1,91,91,0.951236895389009,0.896716094508068,0.988799940480423,-4.41721508874072,0.988840421880401
1,92,92,0.947698875553633,0.907419010589518,0.989523687257984,-4.37651857411596,1.19174156188793
1,93,93,0.949057471647503,0.911402768527492,0.982304867107112,-4.4028780040162,1.06656067243801
1,94,94,0.951624410801023,0.91094110887847,0.98873719631178,-4.31253763738894,0.830192678725667
1,95,95,0.952390413005288,0.910875900494349,0.972756670639604,-4.11946814667773,0.70667352436022
1,96,96,0.950233943619744,0.940097152342719,0.973619896371946,-3.85433110598217,0.553532971564343
1,97,97,0.948819830351393,0.887883974598589,0.978758655647378,-4.20011519569166,0.642949195236838
1,98,98,0.949230151518962,0.900859398207987,0.988054760388757,-4.19217637593721,0.724066439283653
1,99,99,0.953117419987721,0.878354087328978,0.986915275741001,-4.33865741635105,0.721943238045308
1,100,100,0.94982952945643,0.846013499639304,0.993192242898138,-4.60717844864022,0.838840130328558
1,101,101,0.952956248263127,0.87193214003198,0.979391581200769,-4.34582235780601,0.794812351627613
1,102,102,0.949463838756628,0.876542771027185,0.992235206527907,-4.4200365502737,1.1033613450893
1,103,103,0.945740152578429,0.878257855492649,0.986300776643842,-4.14408952612911,0.824303108475203
1,104,104,0.946905603621566,0.879349893880502,0.985236878686263,-4.63907574649962,1.05576702870171
1,105,105,0.954258969200053,0.881671865173473,0.985407378424066,-4.52655906865373,0.750693818223819
1,106,106,0.951910204145349,0.88316030896462,0.983499008463327,-4.34006124546229,0.618650612883757
1,107,107,0.952273876633898,0.852572229985621,0.982245310105772,-4.20426804789471,0.739781079976733
1,108,108,0.952016212882849,0.883143815613093,0.987262586257561,-4.34631206351818,1.26889759146247
1,109,109,0.950080141132422,0.891668379343238,0.980996421937531,-4.46330300313812,0.418204221617452
1,110,110,0.948271627334959,0.876419600622827,0.990750886676924,-4.79959177748616,0.964230296912582
1,111,111,0.95076770559254,0.879118499040496,0.986716147105898,-4.14382450134223,0.188694038358386
1,112,112,0.947625979540373,0.846261508060726,0.991106809552345,-4.45444709326814,0.499147935210847
1,113,113,0.94549869975168,0.869733202999507,0.989037464736938,-4.78702444178547,0.628702832714262
1,114,114,0.952473063832364,0.911655060678846,0.978909086250845,-4.25897398384481,0.787478910418468
1,115,115,0.95057933520446,0.903409600826727,0.972457866758486,-3.76304694339238,0.269104152655843
1,116,116,0.951265018129386,0.906222439971526,0.979097947539455,-3.73560475632171,0.626184714742199
1,117,117,0.952052637253035,0.888685144495809,0.98014406542987,-4.12513655262463,1.04837543488818
1,118,118,0.948640297144955,0.887702023968456,0.978406352106434,-4.18154671912601,0.445965480217849
1,119,119,0.94943750483043,0.915677980139053,0.982528931585726,-3.79281164865361,0.138611335725861
1,120,120,0.950495551535824,0.899159325033935,0.974107955650654,-3.69205805695847,-1.14485766453382
1,121,121,0.949212370578864,0.877024560419902,0.970795132871901,-3.60883128091527,0.307553195076092
1,122,122,0.951755958594791,0.872411751643763,0.97938148865324,-4.05828535998758,0.501961341796963
1,123,123,0.94843207089896,0.912111260739872,0.975089892787799,-3.82966646582509,0.140396339552302
1,124,124,0.94460369850781,0.920721716666349,0.974817318397343,-3.7922375971833,0.071815120511769
1,125,125,0.949802827153274,0.86485732255222,0.98669124247462,-3.6792638899068,0.102632789186708
1,126,126,0.951174244533303,0.883821103683688,0.983530509211051,-4.14073152326951,0.588245673372613
1,127,127,0.948886960942541,0.88306522144064,0.982372228530455,-4.80285772442511,0.844285685426157
1,128,128,0.950634523514824,0.900527072202346,0.986731114673176,-4.67642402891671,-0.488141484756198
1,129,129,0.953669542282799,0.859581677656974,0.988709556409281,-4.29509047681262,0.214567772585051
1,130,130,0.944221018916349,0.911811308509072,0.984783183190898,-4.3158556110815,0.626083318789239
1,131,131,0.947264380019053,0.887035305631061,0.98807355251503,-4.04615453512714,0.326727156075199
1,132,132,0.946776846481169,0.938029083486781,0.974550524930915,-3.9188651698186,0.74567547997934
1,133,133,0.942769557918424,0.931931357247515,0.979181799015286,-4.1017381600506,0.740565203475124
1,134,134,0.949292957355096,0.888093589293051,0.980163543962401,-3.80253280834487,0.381427693648333
1,135,135,0.952352192827951,0.907828042021841,0.975853694680247,-3.99329492915341,0.672657312518229
1,136,136,0.952047534064074,0.893608661827803,0.984795030704348,-4.00113226077703,-0.180610406291429
1,137,137,0.943394943572237,0.91815184106347,0.981920680918502,-3.43967471760024,0.35368329413477
1,138,138,0.949742521069909,0.915040537611543,0.985080884053971,-3.83838218734795,1.01661989710995
1,139,139,0.950666374832853,0.902580111062441,0.978362961731517,-3.84481658937815,0.297900005480397
1,140,140,0.952512661372349,0.905810448858277,0.971453934906274,-3.82028585715286,0.365746467103086
1,141,141,0.951240535721026,0.921353602792559,0.972141052909587,-3.66223742516124,0.571326942649047
1,142,142,0.951773877205719,0.944630929548803,0.962562155619264,-3.7982098812139,0.0922750805345363
1,143,143,0.951872633597703,0.903478774193271,0.977795185142421,-3.79481542085463,0.778004052087671
1,144,144,0.948800936377729,0.916265720826922,0.976856478912414,-3.79793791599083,0.978611132566829
1,145,145,0.947381668492665,0.913421122960413,0.969053318513105,-3.55207284204021,0.0425999632298065
1,146,146,0.947025207092541,0.893047647964874,0.979221674385309,-4.01444828539474,0.913756510326009
1,147,147,0.948715471298936,0.901020965230653,0.98510622790162,-4.0061449316012,0.0915165187726582
1,148,148,0.95032586158698,0.944369673921373,0.978264900886614,-3.57801255872903,0.23915196997374
1,149,149,0.950183588948502,0.915389456528748,0.981597603019694,-4.14295919223485,0.528126366450633
1,150,150,0.950328941039823,0.916458444003796,0.973909852101784,-3.7812710339609,0.462562256930171
1,151,151,0.948096704978555,0.92290358118094,0.976092557735652,-4.21209584472104,0.695201190224796
1,152,152,0.954874200211133,0.931419071451502,0.969538387504805,-3.83329105374366,-0.0657917742206267
1,153,153,0.949424318817905,0.941149068389089,0.977682600236028,-3.87036656289873,0.430816824233986
1,154,154,0.951211895114949,0.923017348187251,0.977310638981352,-4.01828765493809,0.913361351809305
1,155,155,0.947548362261553,0.928113463904401,0.978419563344469,-4.23371824091257,0.857122813147884
1,156,156,0.951480501254604,0.929976856366194,0.982455583597001,-3.9027445859245,0.693887458975767
1,157,157,0.943542542352414,0.922773474707045,0.976725417014816,-3.89292806751092,0.661621072200518
1,158,158,0.946586848331271,0.893901002015086,0.985860740673765,-4.19510002386131,0.877838800137751
1,159,159,0.949365979640608,0.913349694597722,0.966783221045712,-3.93071939871918,0.982466471533103
1,160,160,0.950141413858017,0.92671252008376,0.974924866881265,-3.311806943498,0.264426161603034
1,161,161,0.954344571115215,0.901012310578397,0.976483179806204,-4.00176797074986,0.685556589250578
1,162,162,0.952143838993388,0.902172678151727,0.97918042779055,-4.11644986439169,0.882964135628985
1,163,163,0.944337518942054,0.888934486044325,0.986185895565067,-3.86652002459431,0.517145772875814
1,164,164,0.946263844517043,0.900961235481334,0.980397174127717,-4.23087987270423,0.474556510201308
1,165,165,0.949041853065751,0.899571486317476,0.99048926333608,-3.84888800984285,0.372351367021921
1,166,166,0.947360765380691,0.944834326982669,0.977975381574835,-3.62112291031184,0.190263113891167
1,167,167,0.951740838602934,0.948429931042148,0.976495306823634,-3.89372489215569,0.951074771672745
1,168,168,0.951355664506441,0.922384110843664,0.980883235582397,-3.78033209444147,1.17115581586611
1,169,169,0.954439947889153,0.878011424668826,0.987928502807984,-4.29409602765111,0.763111099721591
1,170,170,0.945414454339085,0.914961286808128,0.984276352690324,-4.43194217218958,1.15169144285274
1,171,171,0.950690789022776,0.887518873008139,0.989500080794102,-4.03419879259567,0.536434409378501
1,172,172,0.949262570565031,0.903566483338868,0.98785802240435,-4.2725144809949,0.989470783538442
1,173,173,0.949791537669956,0.927247195716586,0.983573455105708,-3.8815762340448,0.275145231969047
1,174,174,0.947114654189605,0.910864487053994,0.974721191449862,-3.845273798036,0.326446619530777
1,175,175,0.945836360162267,0.89791415306956,0.985615539418473,-3.95210938775806,0.260187268919969
1,176,176,0.949638174022573,0.939796244454103,0.971888965721814,-4.06630081782193,1.07724507016543
1,177,177,0.954853649935991,0.919426900686309,0.964410748052648,-3.39452340837085,0.524752056746882
1,178,178,0.949408336951135,0.905893897552717,0.970913795335982,-3.76705175436483,0.450233596574335
1,179,179,0.950676195174333,0.89113373104905,0.985659104103573,-4.2616444206217,0.559790543557274
1,180,180,0.949029424377977,0.908597922870313,0.984929405140918,-4.36305749040178,0.464470828728702
1,181,181,0.951477886088309,0.854252632602479,0.989676430457924,-3.89757660964154,0.0313865828782289
1,182,182,0.952326411606864,0.848003539961869,0.973037783746826,-4.03796876250233,-2.21942911057313
1,183,183,0.951371858073131,0.9046000087553,0.97899988864287,-4.23948210854663,0.0988118998712621
1,184,184,0.947959366455588,0.883093656908953,0.986262637017076,-3.99359709774098,-1.50854432679319
1,185,185,0.952840925150204,0.885567738522427,0.987380116480275,-4.20233005701162,-0.696339849792378
1,186,186,0.946791760394739,0.87040955243325,0.98545745857605,-4.50782804958163,-0.8433161649964
1,187,187,0.95595727882655,0.883592644044068,0.979915809428311,-4.07467260168199,0.38063639217722
1,188,188,0.952269134491467,0.902547003107307,0.975178962870639,-3.65576864781458,-2.82390200664765
1,189,189,0.944279638740661,0.895482920367618,0.976675131919855,-3.82804021703456,0.0825203559169788
1,190,190,0.946429352247904,0.854035255264027,0.975454726595552,-3.77796202793201,-0.89998526060036
1,191,191,0.954369566947945,0.88377613024577,0.977028222586653,-4.0183139982529,-3.01065854155016
1,192,192,0.94793809472456,0.866379247130514,0.976638259697739,-3.94577802424099,-1.7251836877265
1,193,193,0.954215798465983,0.888360950773868,0.988609561161182,-4.18785757986054,-0.796870177638868
1,194,194,0.956220572351014,0.888055245199733,0.983735164440189,-4.41186326670889,0.0741036868735399
1,195,195,0.949475624454812,0.902545130043843,0.979020970915053,-3.65671577246479,-0.3741374706275
1,196,196,0.953389531197189,0.899410841351121,0.964903705681783,-3.65931988589297,0.0354122021092656
1,197,197,0.950176452731397,0.893145840037,0.968287299950782,-3.61744586991417,-1.32310292298506
1,198,198,0.949613703273701,0.917057056492625,0.970535920527475,-3.44503197986467,-2.15798224269805
1,199,199,0.950550009195532,0.889695704002172,0.979306828131981,-3.43711938335045,-1.25839092209869
1,200,200,0.952155638816761,0.905371725553144,0.969615327950623,-3.39500153305154,-0.246110467081253
1,201,201,0.954469029211975,0.887561267116636,0.977334570869824,-4.00333259053615,-1.14425904401595
1,202,202,0.951795555668542,0.893022907251169,0.975965843571634,-3.53322667291874,-2.22788168051396
1,203,203,0.949322570693915,0.932125300725036,0.971731376969687,-3.65911285099137,-1.51571947105842
1,204,204,0.952569841534061,0.917057356672831,0.967969219491187,-3.5745998148918,-0.106981184864751
1,205,205,0.94845508551004,0.940044180106857,0.978441170786186,-3.80194677174708,-0.418882740777732
1,206,206,0.955209847894739,0.941474574294436,0.975701863350805,-3.34659623441835,0.427220416413562
1,207,207,0.955001171799496,0.962987180298345,0.965546021275631,-3.33438016738793,-0.125466222586372
1,208,208,0.946309904347624,0.928809133912133,0.977168979571452,-3.95834566820172,0.256623653185005
1,209,209,0.952752290168152,0.888745556614234,0.97538627408154,-3.74138324829391,0.362866123535043
1,210,210,0.949169337213333,0.895684970743861,0.984400494658035,-4.25615510611064,0.503152849161999
1,211,211,0.950115416953823,0.895457416477766,0.981917454722877,-3.64251558662622,0.546911563036367
1,212,212,0.949324886068386,0.911454061768661,0.977065499661306,-3.92978271239705,0.278260694273967
1,213,213,0.95085036733662,0.956013679678259,0.967325519871765,-3.55894921829524,0.370378528746827
1,214,214,0.950779479221124,0.945416632345524,0.97566180328285,-3.87150104585825,0.494925795988285
1,215,215,0.94652581643323,0.910040100436639,0.981364797697442,-3.74752861214003,-0.277240194927527
1,216,216,0.948112707307358,0.885063532014267,0.98362945060879,-4.52234188636975,0.925230399548758
1,217,217,0.949593201254472,0.896345326707767,0.984800392968137,-3.97511149894557,0.297970176715079
1,218,218,0.944216392567553,0.909070062956091,0.98573234105841,-4.68970978615862,0.564784607495131
1,219,219,0.949786630610747,0.928701314501513,0.979563175625023,-3.87787410150056,0.354173000526801
1,220,220,0.951540617629781,0.916877163003021,0.971010084712201,-3.67806568572993,0.291690537646301
1,221,221,0.952579089234939,0.863449764865833,0.97861026306789,-4.06531851117745,-0.0925383427620398
1,222,222,0.955497276243777,0.898838807968345,0.973779300096302,-3.54053686654696,0.356274738557588
1,223,223,0.946004905950632,0.894607409904655,0.97306029808093,-3.48212897454473,0.424510195461418
1,224,224,0.945211582059115,0.902781855241602,0.98106460365691,-3.88199229778279,0.341259456123851
1,225,225,0.945964318314537,0.906865681763224,0.984356658314836,-3.80108899823237,-0.43356677545978
1,226,226,0.947966731255716,0.893135360114728,0.988620543947858,-4.08051810668213,0.274833235205264
1,227,227,0.949287248242705,0.909894201935962,0.978515753450698,-3.92054694337073,0.556844029536214
1,228,228,0.952418752450677,0.899342571518525,0.988885457873246,-3.69443828080603,0.289927981813384
1,229,229,0.944525235081443,0.913381309595427,0.982633518126703,-4.61450716951963,0.931114391194954
1,230,230,0.950267892477216,0.918885081161319,0.983627635923527,-4.24246277434046,0.285211176433276
1,231,231,0.949259220391203,0.893269003355495,0.987507246528858,-4.35876724764821,0.788529594509482
1,232,232,0.948325167490984,0.897857254574396,0.989004443304774,-4.32991007088007,1.05685605388658
1,233,233,0.952881458247423,0.901999303331772,0.984228251392778,-4.56643495463255,1.02327896603181
1,234,234,0.955205220832627,0.894273348429298,0.978320398649088,-3.99112728116259,-2.13051596079771
1,235,235,0.953612289540041,0.879500394400014,0.98537557961491,-3.62849250691923,-3.53206468512678
1,236,236,0.948830360445973,0.877191037098656,0.978054952488336,-3.93065187689257,0.585888941155965
1,237,237,0.946188388671921,0.916041879479336,0.98647853677027,-3.96211296627406,0.32140293850723
1,238,238,0.952064755540541,0.892541549683128,0.982459326324232,-4.31901060691578,0.754574946446742
1,239,239,0.951566063465148,0.952705668457163,0.977806095763996,-3.83046258156375,-0.420096075204083
1,240,240,0.952967846322334,0.89508407553126,0.977045974759966,-3.63630022531306,0.625522393169728
1,241,241,0.948827041871382,0.895201153530007,0.974141877064161,-3.66539133399342,0.33392056501764
1,242,242,0.953332760453988,0.928666660651614,0.978950403457422,-3.67136111981854,-0.742624731332591
1,243,243,0.950972434794409,0.919476905677056,0.972525101673645,-4.05200123970086,0.454477831503302
1,244,244,0.944850177780631,0.903879940894576,0.981493464989425,-3.79903762899308,0.197793660448414
1,245,245,0.952480437563614,0.888354965920482,0.982749501530966,-4.09031174219382,0.705183962498712
1,246,246,0.95019502176744,0.861763220212141,0.978826140438103,-3.9999066253177,0.41175339777547
1,247,247,0.9494283376699,0.896514563711477,0.983745650114715,-3.95006334880176,-1.42061598125517
1,248,248,0.949671977288318,0.881794159255082,0.975526656563394,-3.85735835571568,-1.63145092554173
1,249,249,0.949862178843391,0.899943270544315,0.983588085322639,-3.86958899698016,0.464225897045559
1,250,250,0.948496274959414,0.917465993349799,0.976945624364077,-3.71536528537376,-0.476338686997005
2,1,251,0.953792906038693,0.869878678625421,0.987977104305597,-4.80361681972367,1.09350639696927
2,2,252,0.955926413412149,0.86718304601583,0.986932256198431,-4.12729932842292,0.572574934274824
2,3,253,0.949769123579928,0.904426708856699,0.991313459486163,-3.80364993844594,0.547418490569497
2,4,254,0.949279413446758,0.872448087763891,0.978117007067676,-4.24737719771523,0.752365197236254
2,5,255,0.947883021191454,0.884906672052771,0.988998424748015,-3.75165330588045,-0.56424908507237
2,6,256,0.948951386000233,0.851782008913216,0.982378614804895,-4.66773245324292,0.668245243963521
2,7,257,0.95147727348727,0.865070096463811,0.985284549791965,-4.15286656652617,0.236866136992298
2,8,258,0.947820765790973,0.906290234881513,0.97326972019902,-3.88714762347532,0.681120321492805
2,9,259,0.94454611928762,0.875202992222219,0.984180638568586,-4.28504564053956,-1.01012902771967
2,10,260,0.953570157687777,0.887712346860903,0.983142395079399,-4.14515900108974,0.947725508742679
2,11,261,0.950753588719887,0.883449483477316,0.98184334306384,-4.35694854190759,1.08089549117289
2,12,262,0.952729141951335,0.901591200139372,0.987653758820761,-4.28200126174912,0.523356075467885
2,13,263,0.946419695954021,0.8930738259433,0.981213099052996,-4.16055088439421,-0.146174449710651
2,14,264,0.944642629028804,0.907395730663418,0.979960643882054,-3.85431247837069,-0.467692639081922
2,15,265,0.946406958938033,0.908331061782377,0.977869753784964,-3.71044844557128,0.264826762040661
2,16,266,0.946929716073827,0.939427148871309,0.980471963341661,-4.01230164279792,0.97724017936303
2,17,267,0.951947982069436,0.92173783565839,0.988201384706564,-3.75280553213354,0.563552300808026
2,18,268,0.952170132283819,0.879359608944028,0.985228570599097,-4.26383577411594,-0.234979320453363
2,19,269,0.949651063363044,0.866074544259179,0.986992059828743,-4.15799784883394,-0.708388947083286
2,20,270,0.945247518712457,0.893209382694851,0.98982920268995,-4.43337107821944,0.691630880439742
2,21,271,0.94876328079803,0.885059737963063,0.988006448315,-4.09993764381943,0.587870790888652
2,22,272,0.948879549074155,0.844276637562512,0.984401472381419,-4.10057904033553,0.367326658565306
2,23,273,0.949215465981954,0.905444288906495,0.984884224584651,-3.97098501791024,0.532993753192694
2,24,274,0.953982653857178,0.910256725174721,0.986619965935483,-4.17345582889088,0.247202359657789
2,25,275,0.956618463891365,0.862686949888613,0.976697109137111,-4.01988077995312,0.591597923085478
2,26,276,0.946194789132356,0.898070302227681,0.973911068784025,-4.10279586593199,0.779414931052799
2,27,277,0.956268992335402,0.909159851626469,0.984644375082619,-3.80819112641022,0.278458803663825
2,28,278,0.950003193371789,0.911612444586634,0.980958754391288,-4.30748502152452,0.957927363643737
2,29,279,0.949102558770932,0.905666382518994,0.984982838714027,-4.83966912603596,0.778989791297655
2,30,280,0.947356191722974,0.888632725049389,0.989602268648875,-4.4655126987657,1.02899099588265
2,31,281,0.954201063457905,0.877320011556249,0.984862281323288,-4.01893137727473,0.192491515303371
2,32,282,0.952118920797308,0.921547286361885,0.98663594401796,-4.30584816515013,0.790070074632177
2,33,283,0.94782170900217,0.919726102372912,0.98704715014657,-3.63687497517258,0.344648650616233
2,34,284,0.951825864540803,0.895212672852921,0.991916149468262,-4.32954159260855,0.889853391267
2,35,285,0.949807272784729,0.895868415004608,0.984255306037424,-4.22830195787446,0.442641904554623
2,36,286,0.946766042872889,0.902628511352554,0.980200615017829,-4.23649182651867,0.718817902637018
2,37,287,0.948693391963806,0.880888098610754,0.976218332956839,-3.8876815282546,0.608859820925251
2,38,288,0.953002329883762,0.870560948633373,0.986212337051505,-4.15543624983087,0.0715056257753561
2,39,289,0.951379971239814,0.864516995298728,0.98446185733897,-4.44167896608734,-0.181873663411612
2,40,290,0.951783266129976,0.897787873019496,0.983756115954195,-3.95035870530056,0.174313773476507
2,41,291,0.954214022476844,0.90103202687485,0.977096829540135,-4.4050083145229,0.741834148771154
2,42,292,0.948781325132561,0.899132267730119,0.984720296268006,-4.2509232017582,0.512071637594738
2,43,293,0.949645221904673,0.86782447386539,0.982132168555737,-4.38001062550846,0.718045924632848
2,44,294,0.950739040803277,0.919110716854159,0.984953213901643,-4.67813431861228,1.20932842876914
2,45,295,0.946659612512105,0.86033476591865,0.983074150284538,-4.36686982116257,0.657847718361485
2,46,296,0.950969386786812,0.895723197751417,0.985086527145633,-4.27147553560387,-0.0506834141421581
2,47,297,0.948846849828135,0.906606241620897,0.988134114028924,-4.11297040019744,0.306859917465902
2,48,298,0.94976523777089,0.850541063388082,0.980763137899235,-3.8779832407992,-2.3949683497285
2,49,299,0.946377288546999,0.903596647800023,0.984551003582351,-4.16205023047402,-1.41833017784714
2,50,300,0.952222211598913,0.853132110131595,0.99487526441797,-4.70934315246188,-2.8091734311175
2,51,301,0.951494093148443,0.857938702860248,0.988957036314897,-4.05807624045912,0.0491561735004447
2,52,302,0.951888924053647,0.875195991498768,0.989102597357834,-4.12524132483288,-0.153451872339174
2,53,303,0.945466683343533,0.842427096944951,0.992995772841571,-4.29664613527558,0.0305177983929879
2,54,304,0.948304025540484,0.874302061207828,0.982946015655009,-3.97675245449533,-1.20037921641361
2,55,305,0.947457133996528,0.896484943161901,0.986802135576392,-3.9775211670457,-1.31891099862366
2,56,306,0.951674623374663,0.908905898259489,0.978578350744354,-4.1152161991532,-3.29570909081775
2,57,307,0.948646798283543,0.873621058284453,0.983794082617036,-4.37234865192379,0.560248000922922
2,58,308,0.948787212595018,0.846503462698376,0.989136880984462,-4.62548961343515,-1.59133274089244
2,59,309,0.948357957811613,0.877602658683696,0.992988802276533,-4.75695436310322,-2.17410816162876
2,60,310,0.954610632482562,0.902582961500745,0.989544140287347,-4.12704384921981,0.281093417532456
2,61,311,0.944337373760439,0.86548808273738,0.988322237176647,-4.09808607906458,-0.853227539084167
2,62,312,0.950054394646556,0.879251550154331,0.988883531207676,-4.16955356116333,0.113559084573926
2,63,313,0.951331745075352,0.891604835502706,0.984570485413071,-4.23045639274228,-0.0660152333801151
2,64,314,0.951319628613177,0.901018963640885,0.984015726646022,-4.34498208069901,0.433809381282358
2,65,315,0.9529133750582,0.859709912433877,0.988025713096773,-4.1822138128371,0.413772013063575
2,66,316,0.944275392379421,0.905123728670039,0.988429002860901,-3.79111532180935,0.130381372055547
2,67,317,0.947921465529519,0.864217787351264,0.983861764905497,-4.67700011297225,1.00801531814456
2,68,318,0.945628354945306,0.914542489908742,0.98703882766319,-3.72756712091153,0.686507473004675
2,69,319,0.948970858139648,0.92397081282699,0.986590180193711,-4.10460862913433,0.758795946745732
2,70,320,0.950868197253289,0.911607853893279,0.989519112740934,-4.18840699136322,0.909089967175595
2,71,321,0.948561204576814,0.8922630376244,0.983876531897587,-4.00828159593884,-0.100609072897294
2,72,322,0.951721510275977,0.911469363865769,0.990466071539353,-4.58804951678341,-3.06580072225915
2,73,323,0.951306176847295,0.920893232064285,0.989279586712553,-4.29800465686005,0.365826987597545
2,74,324,0.950062055715382,0.900754046282962,0.983096684214308,-4.36572404616216,0.631233840210272
2,75,325,0.950451968136506,0.905594559897669,0.989709499058827,-4.17862997335667,-3.14353999346752
2,76,326,0.952490560596276,0.880669270001411,0.983835534116219,-4.33460819961062,-0.798317973361147
2,77,327,0.947704236130484,0.865146110616946,0.98182899855692,-4.3434800269269,-2.77735835437529
2,78,328,0.946780707087107,0.876365294198114,0.987655535365392,-4.11558308649449,-0.0949712569366439
2,79,329,0.945575468104138,0.864512194780029,0.981549174123813,-4.16984504960747,0.948887185697902
2,80,330,0.954121038733375,0.845162793137427,0.986960113752395,-4.23846846971172,0.595664762683127
2,81,331,0.950567861578114,0.9163524898255,0.988234982585707,-4.51316638519567,0.764631346426476
2,82,332,0.94946521222248,0.90399645217311,0.984223202122641,-4.63021604277961,0.388086465750177
2,83,333,0.949931052709318,0.929346815681178,0.975449671492599,-3.68425411468605,0.179047951185777
2,84,334,0.95493459216416,0.924101025403369,0.980113977816824,-3.46208016913939,0.906391308864728
2,85,335,0.944738504915053,0.873305860275829,0.979415076781108,-4.09576947422482,0.520829632554815
2,86,336,0.956930388190855,0.895514281692625,0.986110701954019,-4.30900694987854,0.88050737837183
2,87,337,0.950701135826247,0.912597736457602,0.985188965551978,-4.30295731118682,0.576640146270593
2,88,338,0.953186068209656,0.90934525728241,0.975981500231233,-4.03649270027672,0.124758077291538
2,89,339,0.947397238506496,0.878735062016292,0.978419222375012,-4.24294491940241,0.693341562691539
2,90,340,0.951536953709216,0.932411422917399,0.974170655248156,-4.16589042527111,1.30197681661776
2,91,341,0.948897317153008,0.907720808445945,0.97881298954533,-4.00424244461177,0.871501906132657
2,92,342,0.949569009281873,0.902628865459228,0.978094092324254,-4.46198816122107,1.32929062674379
2,93,343,0.951532762573828,0.88559559926877,0.973677283518511,-4.29834871587251,1.16960318972148
2,94,344,0.949793060148448,0.890731911155735,0.982609874674466,-3.96487739957997,0.91433153139724
2,95,345,0.948812018637096,0.872225337705312,0.978936614153035,-4.25260056154312,0.871767603443619
2,96,346,0.94917809066849,0.869303208573929,0.976664835083865,-4.2802420758627,1.07270956439883
2,97,347,0.9526950509093,0.911448697964891,0.971752573404023,-3.53374817885128,0.893032252846608
2,98,348,0.951873208215463,0.905772749701165,0.971545418429175,-3.61273146804173,0.614545623537885
2,99,349,0.945701498928019,0.910809021983268,0.979859376641378,-3.61982132697762,0.249620386852811
2,100,350,0.946984838668846,0.933441039509564,0.983283306468311,-3.92885915067909,-0.300807056170543
2,101,351,0.945342816490356,0.903309566187653,0.980194092671871,-3.96412003292882,-0.394020774230689
2,102,352,0.951184004808331,0.880465158752559,0.973612837653292,-4.07489534035423,0.279539571366163
2,103,353,0.948978224617773,0.855117971830402,0.981089112027696,-4.27707383514709,0.803551212592374
2,104,354,0.94780996549206,0.879803559739691,0.983696203258301,-4.35818213967607,0.35359789599095
2,105,355,0.94794601702971,0.902107670379899,0.980830270109046,-3.99935665727119,0.631227955062044
2,106,356,0.952911544188591,0.854856925164727,0.985931205760381,-4.3598131577605,0.492807919670376
2,107,357,0.94873669559329,0.895179318600464,0.979955343155535,-3.8947149955211,-0.112104559397845
2,108,358,0.95064112418056,0.868009683912,0.984586525863021,-4.06167636321729,0.340694597247873
2,109,359,0.952931728530997,0.896192291283985,0.972100251485311,-3.9690563107398,-0.0406236724185447
2,110,360,0.9483472710949,0.856675465910178,0.982636328250332,-4.05017664330197,-1.81432093834473
2,111,361,0.952491741732138,0.868826800209037,0.977360088124872,-3.98209123184146,0.0506278224681786
2,112,362,0.948936158291517,0.905714839338371,0.980398952375125,-4.22447922612585,0.34642616800185
2,113,363,0.951116258263233,0.841459106312032,0.979097556727067,-4.04422965286547,-4.11661004193953
2,114,364,0.950159449376277,0.881981951145443,0.986339331206124,-4.10330747154542,-2.144219369601
2,115,365,0.954396735636372,0.848787940681128,0.983682977599816,-4.18686091282193,0.0045060507167633
2,116,366,0.956610318148343,0.861205499052993,0.981902281664948,-4.01016298043812,-0.615016169424879
2,117,367,0.953368749947751,0.890632063764826,0.977548465984668,-4.39773251160005,0.699382858714833
2,118,368,0.952094252231429,0.899550932619043,0.981413289742294,-4.31578346986743,0.961084272180492
2,119,369,0.951314267915386,0.870722401283887,0.983377934586921,-4.11196652375872,0.137188774513157
2,120,370,0.949451399388942,0.879437660924553,0.986293126888875,-4.39379633338342,0.70567043788915
2,121,371,0.950875643638833,0.866906367630914,0.983138397630127,-4.16031165227535,-1.45175047245016
2,122,372,0.948595529476691,0.85055326799873,0.990689544971306,-4.91417617582008,-0.0965351932733747
2,123,373,0.951971200215398,0.862464535302982,0.980139024294453,-4.10067401766454,-5.462183219516
2,124,374,0.95238944855974,0.867644070905327,0.983724968383355,-4.36697777834268,-1.38767757273564
2,125,375,0.953410675899995,0.855112681994278,0.981108794381837,-4.65857897455291,-2.68395290915418
2,126,376,0.948749930684436,0.866124051328206,0.98536790284756,-4.33364280568754,-0.704956462109833
2,127,377,0.947685379468408,0.860895400801436,0.991954185708677,-3.75959815024459,-0.539903912193799
2,128,378,0.950690049974136,0.861082043952016,0.977168447841161,-4.3566556145085,-0.37030249100687
2,129,379,0.953685288116338,0.870158570277557,0.985271427085564,-4.3817090041982,-0.968941179195872
2,130,380,0.952430513537903,0.909332519028518,0.974083095145646,-3.97729078017022,0.635490215055051
2,131,381,0.946789046811181,0.880189851830633,0.979658533435383,-3.71985771252268,-0.503928207173806
2,132,382,0.954345856278027,0.924413405572113,0.97739089426404,-4.2153346259928,0.671625184160416
2,133,383,0.947113225051994,0.865079946268804,0.981204998323372,-4.39308058366033,0.87369534937179
2,134,384,0.950732474413934,0.844084833423238,0.982421373638437,-4.19451652657498,0.775846446893841
2,135,385,0.952170363761065,0.877733635296226,0.989548186058189,-4.47291316090308,0.832230096874897
2,136,386,0.951642654770759,0.874248428539959,0.979701009845909,-4.53644675410041,0.602235849669113
2,137,387,0.951152231019022,0.857491457856252,0.986384530346173,-4.78705221624899,0.950331356817595
2,138,388,0.947299074487915,0.911606176148908,0.969242587533469,-4.1553415621936,0.805685365057064
2,139,389,0.950222100940226,0.90623741219504,0.970426425343108,-3.9303148918531,0.283603907906769
2,140,390,0.951290917014585,0.873018825182752,0.982778511166289,-3.97536988573416,0.641881711260427
2,141,391,0.949395457373006,0.856561969124484,0.973460901957335,-4.28255372017928,0.551142697790104
2,142,392,0.947527399340205,0.895705168887178,0.98735719683177,-4.68069272806213,0.582287381593315
2,143,393,0.953840228426879,0.904321559641567,0.980627450634455,-3.79155520110003,0.424366334335652
2,144,394,0.94857946160394,0.877494165857062,0.985686077078493,-3.89207647650648,0.65121456037548
2,145,395,0.949163566314066,0.873937691549897,0.977853514805085,-3.98672609458228,0.593173059632235
2,146,396,0.946984638624685,0.892590611244408,0.980891156515028,-3.87208621539194,-0.731333726446062
2,147,397,0.948546432592784,0.893370231891093,0.982749783623621,-4.13748415572325,0.507309340555866
2,148,398,0.946756891944397,0.902854608723062,0.977085712938101,-4.01597791090124,0.618949928519395
2,149,399,0.948128611375186,0.92715123633917,0.984238230019041,-4.06866917124492,0.584820081402861
2,150,400,0.947107736169703,0.895361867420802,0.978743703513365,-4.31871533151031,0.66563141146982
2,151,401,0.948422269559249,0.905097489034063,0.983762356416364,-4.29590405364097,0.690856720746205
2,152,402,0.950935915084632,0.879801084228381,0.983003137056244,-4.17332943871414,0.0394321376133713
2,153,403,0.951106008967802,0.864458178377632,0.979474849763547,-4.00721729368219,-1.22738098081227
2,154,404,0.948353145895269,0.874799077265886,0.970345711304354,-3.71952410181777,-1.78054578100494
2,155,405,0.944237190298124,0.884540021093131,0.974715428947963,-3.81310703548189,-0.500253664476263
2,156,406,0.950147984143336,0.858593691139845,0.980769157659959,-3.92938658612633,-1.07168800561312
2,157,407,0.950817929472136,0.862556478860347,0.979589462356904,-3.94701884143102,-0.264957449554277
2,158,408,0.948014247519674,0.888200114173095,0.983330107658647,-4.38371661807343,0.104801309121093
2,159,409,0.950033618295297,0.860880662099943,0.983099137383887,-4.22315132224695,-0.59793261739068
2,160,410,0.952211244958384,0.811757066510151,0.986151707795714,-4.10000350560066,-4.38637090700268
2,161,411,0.948217212144465,0.8529521516364,0.989136008020669,-4.7130553481711,-1.49105773271489
2,162,412,0.95112780143889,0.864752020132512,0.990121880449502,-4.86630019478252,-2.01133836668906
2,163,413,0.948278783511916,0.84820008050282,0.98701806056826,-4.09441127043622,-3.72633278097167
2,164,414,0.949488605596192,0.826111808437419,0.986599492494918,-4.53020482806881,0.220332313301034
2,165,415,0.948276758436931,0.910267964850458,0.98389240341053,-4.62772770052469,-0.908513155365988
2,166,416,0.950335350024871,0.84783644147576,0.98142462442213,-4.71039231080387,-0.0607294255770676
2,167,417,0.948999753453165,0.840398071159696,0.990787682607911,-4.64205892008501,-3.13507640686817
2,168,418,0.948609557636645,0.867716583978348,0.985604816862718,-4.07772475981741,-0.973068578937142
2,169,419,0.953920241863129,0.825746380704349,0.990242910654792,-4.46553482403255,-0.4297499844213
2,170,420,0.952996642286522,0.855018308465077,0.982778450119667,-4.81810094847937,-1.40377100989336
2,171,421,0.951460057399704,0.89579013129723,0.983100776558342,-4.34966729228156,0.403904945123286
2,172,422,0.947699838315994,0.844198473179203,0.985923313196067,-4.23709050012854,0.224067175812553
2,173,423,0.95153454268774,0.876819444490951,0.980034204990601,-4.14886918739988,0.563915225481788
2,174,424,0.956208221999582,0.876255509257693,0.981060409878929,-4.24420842660641,0.584692490095083
2,175,425,0.949599854962392,0.907353144418606,0.979071036230302,-3.94499059069899,0.292395682960971
2,176,426,0.95322530663797,0.890309576769905,0.983892000652745,-4.08558562314479,0.466718659282603
2,177,427,0.953540914177434,0.877503678971993,0.982901653929444,-4.11111709784463,0.929595427527012
2,178,428,0.950938611530729,0.893829256336581,0.980793452606131,-4.02030859789343,0.746851754489685
2,179,429,0.952491218960142,0.86528165750128,0.988430813431942,-4.15527179405044,0.222196553330186
2,180,430,0.952396954099202,0.891942703809758,0.983725314020802,-4.21557920650536,0.197835509799557
2,181,431,0.949433034742277,0.885798972047444,0.989903128298067,-4.09803678724545,-0.0238754640033385
2,182,432,0.947756695689673,0.836934777280202,0.985993174225566,-3.97851469048091,-0.327901565384851
2,183,433,0.946950262275518,0.825969758776598,0.985114254318713,-3.43818872315209,0.158492804168186
2,184,434,0.945680666899013,0.910547700246299,0.98201667430599,-3.80471604156395,0.227421462060606
2,185,435,0.950943923816738,0.862797322014596,0.986092598526095,-4.21966017273716,0.0779246576999313
2,186,436,0.953820843688829,0.852999208310749,0.990569373446043,-4.20307727466488,-4.40517731966798
2,187,437,0.952593250721249,0.863207374052194,0.989215492626644,-4.41166566867506,-0.41709283370243
2,188,438,0.949528894984523,0.857325046879835,0.995882385587657,-4.43887397774135,-3.34976829310892
2,189,439,0.949430836099091,0.872057315152242,0.996516106221339,-4.0581690319694,-2.96045534694069
2,190,440,0.950038348148811,0.863934584549751,0.982065995704422,-4.62113414426982,0.402512230613069
2,191,441,0.946251506864471,0.860489790619079,0.991076359281478,-4.45806959148986,-0.736094219980091
2,192,442,0.949425566422186,0.88359615978646,0.992062851144021,-4.21535963859394,0.290614665319977
2,193,443,0.953828940436059,0.883723266507014,0.983704425599361,-4.31626620079124,-3.75896187676256
2,194,444,0.944316431267928,0.846230969530436,0.995052670386199,-4.14022341917737,-1.09882130715011
2,195,445,0.944778482052721,0.825243166555468,0.998020906984875,-4.4867230738957,-0.367344329497819
2,196,446,0.946111185437893,0.846965025569258,0.99633205498096,-4.48599965319648,-0.978958465185811
2,197,447,0.952547327303996,0.847121335034964,0.997621730410799,-4.59419356083582,0.160810066381332
2,198,448,0.953282401012857,0.870435464398421,0.995005139953506,-4.7943200025607,0.793447467583976
2,199,449,0.947424783859926,0.842131189560627,0.995059936885236,-4.59535900541752,-0.331197674070602
2,200,450,0.946732982597657,0.825728269090427,0.991779638703486,-4.12519443632348,0.139852715735662
2,201,451,0.949049358546613,0.879833350285707,0.993230763920119,-4.59986650383774,-0.041157610089699
2,202,452,0.950945441208766,0.811109202736039,0.991456378875837,-4.33729343706742,0.0658436943141538
2,203,453,0.953556069271327,0.833394419647885,0.987142294833104,-4.6394384535724,0.875636420301046
2,204,454,0.951247395564518,0.814603730807194,0.99405081301119,-4.72595864005421,0.327893676693934
2,205,455,0.950844279741234,0.819961060801765,0.989599756494921,-4.83551475506571,0.653143607047081
2,206,456,0.950028575746858,0.839828089808201,0.981115914512209,-4.09812821293937,-0.911132503407683
2,207,457,0.952037095845768,0.913316529007447,0.99116380831118,-4.46502826353606,0.479885394863815
2,208,458,0.94875198915377,0.886158623611161,0.992069083884679,-4.2613969473729,0.996633678757369
2,209,459,0.945307369836362,0.861647685227598,0.994741315621512,-4.51383910632949,0.57672839478846
2,210,460,0.948676530990942,0.842082560729076,0.991451959644645,-4.51609633417521,0.714993567017626
2,211,461,0.950915450345821,0.873037155274707,0.98247397005814,-4.55415308776009,0.575427910075409
2,212,462,0.949002682282845,0.841398199034871,0.986206307883795,-4.20307439068114,-2.88451047375381
2,213,463,0.952561060611416,0.867719512906969,0.98603354451027,-4.3488193300593,-0.524985582872343
2,214,464,0.950505390482441,0.840536187731057,0.990868174648957,-4.14600971241665,-1.30994784875654
2,215,465,0.952439832918894,0.842402076419763,0.99050847920505,-3.87835655187786,-0.741444948307262
2,216,466,0.954204453630981,0.840648492535074,0.98560394493915,-4.32494333113261,0.0532671829825576
2,217,467,0.948044753073081,0.860434883168497,0.979198888251674,-4.39745082479487,-1.41181299511304
2,218,468,0.951533571975166,0.873667501940408,0.988971772712983,-3.948418742757,0.788970461194431
2,219,469,0.953109261223439,0.862377103944243,0.982443425885108,-4.12097029470911,0.65129154134854
2,220,470,0.953287025525412,0.86545576310743,0.979400804223929,-4.17262768989495,0.692882714132929
2,221,471,0.9491244882894,0.878963534403897,0.981622954442642,-4.26361449175514,0.820870875802622
2,222,472,0.948944859275405,0.873640018720446,0.984452755755667,-4.24379555034289,0.448482680332025
2,223,473,0.954669046584379,0.880820064684626,0.970056515114051,-3.90804433777982,0.473122393177872
2,224,474,0.947327984259684,0.877403268519671,0.984088838307252,-4.43330768365839,1.10626851708599
2,225,475,0.949167703955558,0.888746022249584,0.982644651664031,-3.91899408076038,0.698518074544526
2,226,476,0.953317963909823,0.88369074681891,0.980255624733802,-4.20951800516241,-1.85269720460575
2,227,477,0.948150622624663,0.897336023548694,0.981061161486232,-4.16227057252251,0.0806016203512634
2,228,478,0.952848898426244,0.91969747101552,0.981829605797315,-3.84265431329465,0.602745105819687
2,229,479,0.951341492557668,0.889453328798715,0.982536518071039,-4.09938004183018,0.308840673194641
2,230,480,0.948616872751453,0.898092065949226,0.986055224895121,-4.28130907648247,0.83389482704717
2,231,481,0.958876387232027,0.879715648498082,0.980234119633923,-4.37960449209057,-0.335146042377879
2,232,482,0.950056328208427,0.897550228010318,0.98742806006314,-3.91526747016626,-0.108633634667514
2,233,483,0.951951660645116,0.887839087232478,0.983383542293799,-3.90537877612282,-0.982165374870091
2,234,484,0.952658263348394,0.884012550781724,0.988071354503558,-4.1406667033422,0.349673922441869
2,235,485,0.949381148071126,0.895920798307211,0.981261683744435,-3.76728847963926,-0.180988105396749
2,236,486,0.951364750074007,0.899789654893864,0.981844723534178,-4.15703259167198,-0.294180352148965
2,237,487,0.955329908048271,0.863109645740399,0.978715164901791,-3.92485128578959,0.53695822888158
2,238,488,0.951417644945695,0.876345091499666,0.989032484345794,-4.61492759201332,0.782125910077102
2,239,489,0.949467977486305,0.90053179776974,0.978917246622608,-3.90344676307894,-0.0748051839250379
2,240,490,0.950858738044962,0.869773642691345,0.982401227761991,-4.24840249485885,0.111868296523658
2,241,491,0.94795354326421,0.862631942504241,0.975659945933944,-3.93015572212883,-0.232228031125837
2,242,492,0.956762909316745,0.82816377448489,0.976510931294682,-4.01899523526721,-2.10595512127675
2,243,493,0.952965835920819,0.887474930225315,0.982939784410361,-4.05686158784761,-0.464104941254789
2,244,494,0.949531985983462,0.817266492660764,0.975512089052157,-3.84657776230375,-2.9681220951931
2,245,495,0.948056448650796,0.858197264231136,0.989828503142389,-4.64761936979601,-0.61922568038283
2,246,496,0.947182011316665,0.822339112239494,0.975143353992821,-4.506372424044,0.666975422875911
2,247,497,0.946353278751917,0.865458914916498,0.971435193576146,-3.82544147244466,0.557058069222852
2,248,498,0.94652895511461,0.842028567727311,0.985149244262482,-3.94015395052027,-0.0744927804972566
2,249,499,0.949867239817743,0.898578705243549,0.982014619486605,-3.82181078652752,0.556682571347397
2,250,500,0.953725768616914,0.920533278036814,0.976629169427958,-3.93549352727995,0.765441656288809
3,1,501,0.944629019208879,0.858065203431109,0.986516243852849,-4.47669180132911,1.15317994240057
3,2,502,0.954480241777501,0.887380210344125,0.989878863081104,-4.44798391718201,0.415294697588527
3,3,503,0.955491025563076,0.896937273192911,0.980051285078857,-4.54920076471556,0.742272343999233
3,4,504,0.947287173761928,0.852319868095103,0.987327827736815,-4.37360169490018,0.0333413730211496
3,5,505,0.949716545584499,0.844409060955871,0.990789589608922,-4.5052539264059,0.585590131259342
3,6,506,0.953548569602473,0.878392138512845,0.983901418260748,-4.12028710578348,0.196742950929462
3,7,507,0.95081081664947,0.898486062621157,0.984603089806711,-4.18434557835302,0.479614754652271
3,8,508,0.949419179735704,0.883179340692059,0.990892011780529,-4.33229770872613,-0.427665334696412
3,9,509,0.950297542521294,0.866790083210843,0.984620509451311,-4.32253124236918,0.0867104769531745
3,10,510,0.949208548891406,0.864048464729936,0.982100611661664,-4.51385446461687,0.283218477962053
3,11,511,0.951756935187256,0.884475856546994,0.98700773058796,-4.9419286389263,1.03741434591685
3,12,512,0.948013614321465,0.8733122795653,0.990850602346236,-4.22663231304091,0.778806265527888
3,13,513,0.947269957952734,0.857891585007924,0.982745210485761,-4.20898096165561,1.03209009154813
3,14,514,0.950227302065279,0.879845785652433,0.98866847368689,-4.5624850081546,1.05022840246746
3,15,515,0.947515557667374,0.900482337003986,0.984431672922166,-4.50463538575263,1.05852306972866
3,16,516,0.950935833304176,0.904713714532314,0.990077058819304,-4.21531396938366,0.408072104717353
3,17,517,0.952529443377746,0.885539150598777,0.981665449594816,-3.88168644055495,0.689780939900998
3,18,518,0.94896793798036,0.876877645599623,0.979832431784914,-4.30442925316894,0.811525859002563
3,19,519,0.949649720838453,0.918876794393674,0.979030651210138,-4.60257422176352,0.518013550887546
3,20,520,0.949611194174434,0.87620544648609,0.981914069951519,-3.97747478143312,0.482654823923161
3,21,521,0.947009683566119,0.87073925525691,0.986534710995614,-4.34457002651141,0.455102858935418
3,22,522,0.94667513365939,0.875027688898677,0.981920428245833,-3.89452812475561,-0.31395342225164
3,23,523,0.947940816244298,0.884925828156326,0.988372807833324,-4.28254411930183,0.334116399983431
3,24,524,0.945815353182258,0.887534037408613,0.985357134968418,-4.74057364917831,1.34136817543127
3,25,525,0.946615661969029,0.881422629793679,0.981718542230554,-4.47489918057333,0.553312788375812
3,26,526,0.948992436241627,0.869976567678812,0.986592813849571,-4.43767375303919,0.607514039971803
3,27,527,0.947900210773932,0.852983085547219,0.988352478128836,-4.6729025730849,0.645546537592021
3,28,528,0.951972426473021,0.892482903873694,0.982989080432721,-5.07524866511323,0.915031754669285
3,29,529,0.949668072808743,0.872334049240345,0.988171404191046,-4.29540249255091,0.325337856570934
3,30,530,0.949476895189591,0.868330590093583,0.989369469597634,-4.11185685988089,-1.73330193084797
3,31,531,0.949782517350428,0.86806628868572,0.987661820592088,-4.11281411125981,0.046292220547183
3,32,532,0.949172067200651,0.847746249247987,0.993308239521962,-4.7276148754675,0.952192251736542
3,33,533,0.945205212342987,0.869607006230287,0.989986704775289,-5.20743511568413,0.873477710954199
3,34,534,0.947324697206075,0.894622017724784,0.988165852625939,-4.06437632213893,0.712663950090871
3,35,535,0.949605372562563,0.85167838541273,0.991351736504693,-4.53968601318564,0.699507779488247
3,36,536,0.948068023791516,0.840290259928768,0.986132360379443,-4.79909774982059,1.11752571699822
3,37,537,0.945256798878463,0.861858441746098,0.990534433838674,-4.79181788808192,0.467503221577574
3,38,538,0.952232473342774,0.90086659990823,0.987191949170372,-4.33809655959648,0.423694180035123
3,39,539,0.95008514986934,0.826571725356184,0.983816261071173,-4.13598411498033,0.334980671976314
3,40,540,0.947704643045644,0.884803058346792,0.9930406937603,-4.41199818195098,0.163591489148945
3,41,541,0.950330933510461,0.861218900801692,0.993181053604823,-4.40356497347789,-0.247538525873058
3,42,542,0.955508455179242,0.858799069098586,0.99240844132036,-4.59166257071141,0.545694835713382
3,43,543,0.949613460878025,0.862395645540279,0.996520804184084,-4.51178175552502,0.338827985255515
3,44,544,0.940996967152913,0.865254098897628,0.9923618802067,-3.96402959267727,0.441585859530112
3,45,545,0.949381996506389,0.873352125686736,0.991865120183708,-4.03127895062405,0.0472589043289719
3,46,546,0.947700786718611,0.889851954200146,0.985481645026072,-4.58732259864696,-0.126204498291648
3,47,547,0.946244619239218,0.885144812212502,0.980339925229305,-4.45927654322708,-0.205822182229747
3,48,548,0.945299300943128,0.848706959878454,0.982673512412209,-4.0384205469898,0.533532681890622
3,49,549,0.943048348899659,0.851598244447622,0.987362556540215,-4.10816535180003,-0.434367718289203
3,50,550,0.952999940781881,0.863410228955792,0.978378255441854,-4.25236597037059,0.642626777926673
3,51,551,0.949624275149059,0.863700012839886,0.991291173829745,-4.13983096974182,0.873441219269907
3,52,552,0.94772883360437,0.878542797434696,0.990266302605506,-4.29065397498663,0.392065120837903
3,53,553,0.952333322159487,0.888451362239727,0.970703028449966,-4.40623163509581,0.823149796643757
3,54,554,0.950839091655776,0.900635662310869,0.993840021318809,-4.17344782635071,0.273668810761647
3,55,555,0.946378545639142,0.85498664945758,0.985727409273137,-4.05166601257537,0.663915697180757
3,56,556,0.949461743788135,0.868698084655612,0.988280081317025,-4.42174425448239,0.47962793137664
3,57,557,0.948659862759954,0.903057553625922,0.973376504733673,-4.70734524851841,0.561341426497916
3,58,558,0.95490197257465,0.895086957112609,0.981816175176278,-4.031505521586,0.521172252080086
3,59,559,0.951123579507219,0.879017024147163,0.979074589866674,-4.04823261195729,0.607363295954664
3,60,560,0.948022201024131,0.894611213609849,0.985497471409283,-4.18140502133895,0.228939525256675
3,61,561,0.948924981166209,0.873977032213932,0.978085680017625,-4.19615861140016,0.680815273014137
3,62,562,0.952000700838054,0.870517142088514,0.980540254245866,-4.17512804363524,-2.52365592135933
3,63,563,0.953086241303866,0.884612341299511,0.988456047652115,-4.55702544095673,-0.493102877011378
3,64,564,0.948168700488183,0.888236925178636,0.981084865145714,-4.42512224032775,0.222785985714896
3,65,565,0.952226936519775,0.892850619977886,0.98150840317575,-4.51559928296787,0.761022136223292
3,66,566,0.952259963073461,0.906111094673928,0.987600569976397,-3.75495123349781,0.0669349020062357
3,67,567,0.949039887170182,0.879067046741064,0.987491525251481,-4.30328701786571,0.412249938298603
3,68,568,0.950047189379471,0.882373792313342,0.982559576522899,-4.09524801536021,0.739744987304004
3,69,569,0.951749657969362,0.879263620190239,0.988536889686201,-4.25078724077824,-0.0166504776945217
3,70,570,0.950333960767315,0.863962297460983,0.987856271254796,-4.09217110035326,-3.07219476380318
3,71,571,0.948803180973438,0.911936618059971,0.986512623860764,-4.248459188523,0.604287937679191
3,72,572,0.949379728698356,0.863801665689055,0.979767493529376,-4.11864686061869,0.760382770402413
3,73,573,0.945992658736582,0.90723330172943,0.988649051416176,-4.83589533327491,0.713679411770415
3,74,574,0.948997297238532,0.930853637047687,0.986051448472469,-4.23151692534598,0.502113223616771
3,75,575,0.952408215559266,0.933842040467828,0.984742574685922,-3.7804977897513,0.42066031945248
3,76,576,0.946997255689197,0.900359050033532,0.980101937478662,-3.9618617428111,0.677813724731521
3,77,577,0.947161067560684,0.909517341959047,0.985032565325666,-3.82459864933467,-0.849705614698005
3,78,578,0.945343972913746,0.931549855540506,0.985410444673126,-3.95286557620386,0.540156363719991
3,79,579,0.951631865646879,0.951621888278503,0.980842753823534,-3.91294751163926,0.576725504921462
3,80,580,0.948967526238218,0.906953859121347,0.984338161403567,-4.37723021345422,0.970830134521769
3,81,581,0.946258121975302,0.911384444686162,0.986768299969369,-4.03381059956102,0.524693081356658
3,82,582,0.94846874906911,0.952690338516319,0.981693499481203,-4.40280403614399,0.750386763317086
3,83,583,0.955106308859849,0.901527962654506,0.978749389874711,-4.09678338614871,0.112654268942124
3,84,584,0.947768456039086,0.930563280488677,0.987416447584851,-4.04691972829099,-0.165715840382542
3,85,585,0.954899250278293,0.911768502902162,0.982924730085243,-4.4700733120736,0.165562013909739
3,86,586,0.952483197043856,0.914856234245768,0.985795349738728,-4.24029804931778,0.283812065041667
3,87,587,0.949410506394732,0.903821567649676,0.984907631838791,-4.10105716212088,0.642301996154486
3,88,588,0.951549515065761,0.928871195431243,0.980571503047466,-4.07917570474538,0.450017614938919
3,89,589,0.952914533386584,0.935731609724967,0.983740184477469,-3.71889784614878,0.705406461655276
3,90,590,0.952874523835585,0.947297516829353,0.979210717188318,-3.78982912888517,0.904168804544281
3,91,591,0.948339306277054,0.945007477858071,0.979681702854797,-3.88358720495644,0.586778310097079
3,92,592,0.948652400832436,0.917822561173095,0.970278939288077,-3.71599575722525,0.0664709620952811
3,93,593,0.948842818468133,0.886756057348395,0.991638619369136,-4.15979318112414,0.377360537899817
3,94,594,0.949433622241522,0.913180539034129,0.965454845570581,-3.59623544137323,0.708266950387658
3,95,595,0.951714571650808,0.906222464967246,0.980902577300148,-3.95052218851825,0.56600732805153
3,96,596,0.956481536530001,0.90115909678499,0.981403817477001,-3.72918557868821,0.381318102678076
3,97,597,0.95710786706604,0.930005795412331,0.969480300009358,-3.76888406115822,0.749485336846152
3,98,598,0.956870303062487,0.91684980453583,0.983276738698608,-3.81631285540872,0.145176449049149
3,99,599,0.949729582904879,0.899708936642733,0.977714123960983,-3.51992898445322,-0.0555578653140672
3,100,600,0.952178409042285,0.907420349461954,0.97705376820257,-3.60476219232069,-1.30862233709127
3,101,601,0.946712003507965,0.910278424896266,0.972105688963084,-4.00801321604852,-1.3434997585169
3,102,602,0.949151048749771,0.923463055015482,0.980194598993313,-3.75702577951065,0.239724946797469
3,103,603,0.950501845092909,0.905720493061977,0.974408858520652,-3.82384242401887,0.22100251548648
3,104,604,0.95232597867628,0.918050034375848,0.973925242354117,-3.93910551988418,0.347530332326316
3,105,605,0.946138454672085,0.890701953404606,0.970154504679505,-3.83849520349717,0.71307553682788
3,106,606,0.951588249040071,0.900887417924116,0.982131025461598,-4.22190971071185,0.0313000208918228
3,107,607,0.948490440626401,0.920968651178411,0.977570774025906,-3.74437012561913,0.885159955802621
3,108,608,0.955894992044005,0.939578983872821,0.974656891661173,-3.96433837587223,0.497090522082472
3,109,609,0.948701289245921,0.901633517453956,0.983300015431195,-4.03594180237754,0.929214870446946
3,110,610,0.946508433805644,0.92726081226718,0.979994146361498,-3.47106782471498,0.613211281772383
3,111,611,0.952260666828566,0.920223261700637,0.971480615737991,-3.57217001209516,0.421503062489827
3,112,612,0.950941957433858,0.926248373110242,0.977997873638428,-3.36317905305842,-0.327943786390483
3,113,613,0.945806430056922,0.922188485927125,0.977787337791633,-4.03386259781706,-1.2452735979635
3,114,614,0.941539749346639,0.933108123635221,0.98319517153623,-3.6097471845442,0.149372745112046
3,115,615,0.951933353113369,0.903067703226069,0.973804183511952,-3.99247632781875,-0.0273147774768692
3,116,616,0.949913955544081,0.930176546749659,0.984167608891051,-4.06265387052338,0.0903596116069845
3,117,617,0.949725488466396,0.891753290803231,0.979906696083914,-3.85182831728468,0.289349252897967
3,118,618,0.949975167895674,0.91391259246872,0.966198444354663,-3.62532092407878,0.80912792885017
3,119,619,0.954732607556214,0.921565715333886,0.972855001728206,-3.7948425159534,0.428044555684726
3,120,620,0.947576144159152,0.892697875176085,0.978920512240149,-3.76517465100084,0.340938946455124
3,121,621,0.947869149107119,0.920534822937561,0.960662053886088,-3.72931695699237,0.49081208854397
3,122,622,0.950630707775325,0.896862262734072,0.975964160099281,-3.65942926259803,0.834843609471555
3,123,623,0.952702868875859,0.941470255962533,0.969468572995692,-3.49953145737745,0.255032251368385
3,124,624,0.955910267195181,0.944847733861611,0.967103917917927,-3.32211302923823,0.50111080727303
3,125,625,0.948661004167839,0.911385337108562,0.972902231394288,-3.91825116701653,0.822584893965974
3,126,626,0.947081379408419,0.925470376231855,0.975629356218144,-3.27703339684548,0.303115278179076
3,127,627,0.949318027448154,0.881820160792018,0.974407830149854,-3.72245777382371,0.767265614197926
3,128,628,0.948318269240071,0.90325720320075,0.974632427793479,-3.97234409896613,0.182494272930055
3,129,629,0.949173291387848,0.903997995238607,0.98202012936472,-3.7029041065186,0.04309105472043
3,130,630,0.954284167139706,0.922332853753302,0.977050636366138,-4.21042840184229,0.757412664248743
3,131,631,0.952769644404481,0.931125412686929,0.984671467580696,-4.42419177576534,0.923388816683042
3,132,632,0.949324507972005,0.92469330360941,0.984851760300488,-4.03771585563389,1.12996227312315
3,133,633,0.948489125913105,0.915304708110667,0.97499314454216,-4.31106200490263,0.818410778495329
3,134,634,0.944816847554706,0.918575720788185,0.977644565687008,-3.98648616180271,1.13130572550121
3,135,635,0.951450267257414,0.919729736627319,0.976031954678352,-3.77651982780395,0.236942684345509
3,136,636,0.952717211499673,0.867357225709798,0.972651701516092,-3.78679725909572,0.196879200697155
3,137,637,0.952002257405794,0.924578731599444,0.977609718781094,-4.41593177312104,0.731073446048725
3,138,638,0.9487117928406,0.912242144052395,0.977105430206437,-3.87469060162986,0.167624814827504
3,139,639,0.949296894835831,0.931422977789525,0.977762031250126,-3.67205270525276,0.602335502020972
3,140,640,0.953464474834935,0.93690505780355,0.971971902440892,-3.37821877181816,-0.18633112717308
3,141,641,0.952644165209323,0.913611282830652,0.984466271091172,-3.79377873113972,0.727558815786693
3,142,642,0.949173378154143,0.940238623410576,0.975501947103801,-3.24542176673202,0.214643045874895
3,143,643,0.949702748555506,0.964870099066771,0.959173866156741,-3.00382546538451,-0.515353760149754
3,144,644,0.947459790699534,0.923086195450872,0.975152990750563,-3.56660492526487,0.533485051811933
3,145,645,0.953925099190476,0.9212361433273,0.971591790652042,-3.46988549068052,0.256237273373244
3,146,646,0.944697403901958,0.93293196446336,0.963333455446653,-3.08986143872892,-0.369838957697267
3,147,647,0.948946454611658,0.959222763441094,0.969644645695565,-3.74195663363634,0.414407793465612
3,148,648,0.952901975926487,0.945756132132758,0.95997920789324,-3.4312053719309,0.732310548670718
3,149,649,0.949041535267395,0.962063830497687,0.971525528622594,-3.83016300859735,0.547849170297165
3,150,650,0.953023933209069,0.941627425797884,0.976740864250055,-3.32657164945038,0.0240394763327918
3,151,651,0.949937438798814,0.967427122865476,0.975117369609027,-3.46495673806327,0.385784617169648
3,152,652,0.950266871854205,0.949401297747552,0.973088879894062,-3.67963441241609,-0.00224734189535236
3,153,653,0.948378927044954,0.926987044704791,0.97464145278207,-3.57869289824485,0.885737192056088
3,154,654,0.949472756706524,0.920380517744678,0.977938658315944,-4.14538404394286,0.969897067682489
3,155,655,0.945933421264376,0.946203923764249,0.972031408531639,-3.61344526193636,-0.193482050306642
3,156,656,0.951538950478905,0.921172951470878,0.970852907361428,-3.66459469803539,0.668835703400238
3,157,657,0.949383974643804,0.947371017083979,0.977980100976462,-3.93070494435177,0.316708818750848
3,158,658,0.950909099347125,0.921227670392167,0.98198637907314,-3.7132663759034,0.27491870416894
3,159,659,0.946715135608664,0.920005594158371,0.97464439480796,-3.94694294741988,0.740739369227378
3,160,660,0.950312456452885,0.891044693079312,0.969607388373294,-3.78359626442651,-0.736444740974687
3,161,661,0.950043238735156,0.883478875499216,0.9851348363363,-3.96636105230108,0.287235620904566
3,162,662,0.944569075338283,0.890371152481735,0.979011863568878,-3.84759284574381,-0.10974520595847
3,163,663,0.955403999612199,0.902729971662574,0.977179718061297,-3.4991196558716,-1.58146945295575
3,164,664,0.949991002022159,0.903258219916656,0.986420056857488,-4.02052140062254,-0.837073286493038
3,165,665,0.949127810998292,0.823801777732582,0.977166162575927,-3.81490239469433,-3.19831901743743
3,166,666,0.950202765279203,0.870896579127859,0.988583838569175,-3.7039208778258,-1.64377156843827
3,167,667,0.949803276697842,0.905172822800581,0.986700397809783,-4.31789712801967,-0.738320585020799
3,168,668,0.950299731769506,0.868284407212641,0.982166188955607,-4.29504324385764,-3.24575964131221
3,169,669,0.955590844043877,0.886376847291876,0.981105039288591,-4.63011330972836,-0.455380863864032
3,170,670,0.946450281019647,0.882685561059092,0.987631393779245,-4.24779706546644,-1.07789054247845
3,171,671,0.94802830291624,0.910610586130751,0.98034163407055,-4.14838961834102,-0.920671580734691
3,172,672,0.952124171954388,0.877411249862379,0.989395830415638,-4.21434001304835,0.128529025530112
3,173,673,0.947371654012234,0.875066825262549,0.990127296477563,-4.31963544276435,-1.17595878997905
3,174,674,0.954151802491319,0.845184855625852,0.991198999953303,-4.10327425140117,-0.469680960337691
3,175,675,0.947488795417923,0.878152723469576,0.99121599244729,-3.99180017039506,-0.265332981538321
3,176,676,0.949205678565152,0.862742597779462,0.984113242395473,-4.53195414164843,0.853615438240092
3,177,677,0.948208066288882,0.864799113696369,0.979649131241639,-4.10948890005811,-0.518498330530578
3,178,678,0.944758546745795,0.91182600640622,0.979931053229424,-4.11177797722511,-0.640225146166253
3,179,679,0.944289956730945,0.895258756884175,0.989269799658177,-4.40148207771186,0.376982091498473
3,180,680,0.949139156489245,0.838834875482556,0.992751128189164,-4.84630589953739,0.52883142938086
3,181,681,0.953332302764836,0.867789269235058,0.992153461142885,-4.63245669697633,0.10126029172678
3,182,682,0.9454002680152,0.874552614484807,0.98978978802188,-4.18224305291205,-0.548973014779132
3,183,683,0.950554265739804,0.866987049888184,0.983410313531479,-4.43305891892342,-1.23782197522732
3,184,684,0.94540644910656,0.892834244373306,0.992210433365326,-4.39318163473165,-0.138129720080006
3,185,685,0.950299387094977,0.88550418362821,0.992222171609981,-4.12423307524942,-0.334101208349145
3,186,686,0.949055854022863,0.890426294406527,0.9936954691693,-3.85180785277927,-0.437170846452465
3,187,687,0.947828904540578,0.89950904402464,0.988508978518645,-4.74674285806408,0.15012037347261
3,188,688,0.951984649909836,0.920089769030965,0.989008002148747,-3.86050796827916,-0.853364461358549
3,189,689,0.946031281652884,0.885755092745783,0.985674977245436,-4.33697929888232,-2.18423892210305
3,190,690,0.949548816745897,0.891919036203047,0.992601969225711,-3.96264845225599,-1.2882573814219
3,191,691,0.944203389765116,0.838523166791771,0.988203551761012,-4.05890649924977,-1.0999796017958
3,192,692,0.946217347520121,0.866044539198123,0.991879642349357,-4.28157660019163,-0.280475988391983
3,193,693,0.954236519471733,0.838686260313751,0.986747099191602,-4.5020176667,-0.177929483417431
3,194,694,0.946007310952833,0.826477098521759,0.98466592666416,-4.29747927091308,0.580071416499666
3,195,695,0.951686460780076,0.875696451345616,0.988022365846952,-4.41291102996091,-0.863927811410659
3,196,696,0.944923751026041,0.871237987148793,0.985703997645467,-4.26469609229398,0.262280154535036
3,197,697,0.945905901941574,0.881314189369188,0.982504525948346,-4.1949458085309,0.704380773927265
3,198,698,0.950106649326461,0.882738857316141,0.974061280097513,-4.2885879407801,0.530201030174539
3,199,699,0.950385771747879,0.861062277461803,0.980177674659205,-4.51511637042264,1.06676116398987
3,200,700,0.951368340931312,0.88232619612096,0.980017196228911,-3.98104813322466,0.281028267856594
3,201,701,0.953701502563137,0.902900114344805,0.976784520071657,-3.99903250113735,-0.0427906103638058
3,202,702,0.948379904183545,0.911926542601158,0.972436622857455,-4.21793244373543,0.477588262735856
3,203,703,0.951908728415597,0.896189462644733,0.978739061162654,-3.87316828871459,0.548579141584192
3,204,704,0.948762250755708,0.885657343860797,0.977614682424005,-3.60255655293139,0.413449194338009
3,205,705,0.956827690202125,0.902231373505104,0.970112883410509,-4.16547208129256,0.858360934888742
3,206,706,0.949595443549006,0.908691060431053,0.971632980226869,-4.06222700082316,0.309837730690793
3,207,707,0.948050971253122,0.852112702581349,0.971928044184593,-4.24682390716928,0.674976357055013
3,208,708,0.948373026749895,0.837327247103346,0.989340259508663,-4.33936203756891,0.563226762697039
3,209,709,0.95786520896685,0.880113017003367,0.988315804370513,-4.01741709166367,-1.02273650773478
3,210,710,0.957847622272259,0.892072613186911,0.982568704474725,-4.22719038034024,-1.65193741956841
3,211,711,0.945320889967997,0.830206342006292,0.987317375794004,-4.18467676194109,0.262267053121468
3,212,712,0.949149278531006,0.874230447043266,0.988608576056127,-4.13223538133159,-2.92871758162424
3,213,713,0.945377942648913,0.888837790928245,0.981168843973441,-3.96332731910364,-0.958909105326684
3,214,714,0.948782443134241,0.867328618855657,0.984166046990525,-4.41753891563304,-0.0350925147225206
3,215,715,0.951593238620216,0.90858961832042,0.995353425329086,-4.37126128104024,-0.895792392926762
3,216,716,0.954872470566438,0.875884726955104,0.991353739671976,-4.06283755758116,-1.38079804209438
3,217,717,0.950502389861427,0.908016427869208,0.988849230231392,-4.2636677292265,0.368723703032488
3,218,718,0.952662223242727,0.868996386247478,0.990867219692008,-4.17401834835984,-0.582562451779368
3,219,719,0.947041624128801,0.854162419888414,0.98873338348477,-4.55748339139328,0.26072048205239
3,220,720,0.955513296020286,0.851322317219989,0.977473333849164,-4.06049944405492,0.477510229484722
3,221,721,0.949194323562901,0.887192314598982,0.979346416521426,-3.77347212220698,-0.910562427037211
3,222,722,0.950938075020633,0.903635969867298,0.971064543198941,-3.7167086539945,-1.2684346980961
3,223,723,0.949274130668548,0.901029048096933,0.977668627309163,-3.79567852615634,0.402625787033194
3,224,724,0.952622451322659,0.939235356945453,0.974681581721493,-3.82702897225199,0.210225760320505
3,225,725,0.95289961459315,0.891862502006941,0.972377533783742,-3.8549164037357,-0.536720877947437
3,226,726,0.957224900555667,0.854067804730232,0.982767143836831,-4.42956669544786,0.131421417603486
3,227,727,0.949619966989856,0.829322812485905,0.974049349138571,-4.27060360112333,-3.24236776047975
3,228,728,0.956064922986413,0.875084810122416,0.978346268653599,-4.68592989177415,0.86688887413098
3,229,729,0.952167332767845,0.795090232524586,0.98400909746796,-3.85666053100643,0.225483400807896
3,230,730,0.949871869163213,0.851152509488993,0.975860406642139,-3.96558253423686,-0.854428729688224
3,231,731,0.948872514329707,0.853681578806047,0.987044157912093,-4.31094656694957,0.9318467377868
3,232,732,0.948150366326263,0.886686028443768,0.979450131938112,-4.08569804879478,0.504474917672806
3,233,733,0.954606398203661,0.879660059692881,0.982485753720626,-3.73296563327146,-0.916253086970415
3,234,734,0.9436471604697,0.866251876307023,0.966981010223356,-3.66680559653237,-0.776968791823488
3,235,735,0.95046742307009,0.895923048011536,0.970983195255306,-3.69715176370165,-1.31085429904555
3,236,736,0.951953846098719,0.885702270501999,0.969356924459468,-3.62332273149075,-2.05900239479616
3,237,737,0.953277135309294,0.916462830525287,0.972964176677196,-3.67805429437274,0.0488806987664498
3,238,738,0.950746060131753,0.888761966550111,0.980909734916959,-3.72560839360062,0.116202263396789
3,239,739,0.954856397393888,0.896529698278057,0.977657944082051,-3.90946381335361,-3.33949598453753
3,240,740,0.948533226885475,0.892473637499425,0.980488361356051,-3.6673368558184,-2.0180443566818
3,241,741,0.945117376485865,0.91370567988091,0.990062570105347,-3.74904729502425,0.276390688381097
3,242,742,0.952391399635668,0.901703167386071,0.972883496906217,-3.85837817779207,0.575745571048341
3,243,743,0.949322611609529,0.898992529351369,0.985431903300241,-3.85878843726,0.328924478486882
3,244,744,0.947592996146886,0.8953737692798,0.978801850922385,-3.99248344774201,1.0172442752506
3,245,745,0.954973999514562,0.897013872535087,0.984482970316065,-3.94008933675815,0.621488083169301
3,246,746,0.949579443464855,0.915865442305684,0.975740713425103,-4.01090449906865,0.571609751122946
3,247,747,0.948523512758875,0.93727400668621,0.970052735249821,-3.60773335882678,-0.450436770810395
3,248,748,0.94897511722759,0.895770634857964,0.973770799758781,-3.47668417116699,-0.549016921315141
3,249,749,0.953926311630566,0.882146229309512,0.980053486678157,-3.65927685610527,-1.07268954502371
3,250,750,0.951402000359325,0.863663252208543,0.991103295934952,-3.85287773908914,-4.56112897177747
4,1,751,0.950074499607392,0.869077362972743,0.987976259861129,-4.12510603068014,0.781345906449071
4,2,752,0.948118155191309,0.914734607293606,0.987943222224423,-4.17057505134994,-1.19411674629523
4,3,753,0.953664089603783,0.879425305781469,0.990243933437685,-4.03410156426151,0.616164372355075
4,4,754,0.952851353995821,0.867459821720694,0.97859268176274,-4.36131348340627,0.909561815146672
4,5,755,0.940584809927542,0.889732885278956,0.988385783596285,-4.65206354121576,0.517132051033463
4,6,756,0.943564123400628,0.908064771717854,0.991194511613679,-4.49617920796943,0.808180424052341
4,7,757,0.950845805789416,0.893602163103834,0.987611940598584,-4.21895356345208,0.478230613459983
4,8,758,0.948540515819581,0.915491490926717,0.982085666509718,-4.17639721683387,0.165395637121291
4,9,759,0.946907133029352,0.905184603628621,0.980258683378456,-3.86475169146297,-1.16141107197712
4,10,760,0.954301672428323,0.922651646666661,0.981868191947662,-4.04281281871456,0.561207514512232
4,11,761,0.94505884256712,0.900852367722886,0.989107791549797,-4.06820867259202,0.732656226498796
4,12,762,0.949412393838691,0.906708539008349,0.978952708760642,-3.99776338666045,0.213228770495662
4,13,763,0.957069130810634,0.900387223852427,0.977368064416618,-4.20201065708983,0.556246481600818
4,14,764,0.951761095491698,0.874808628083538,0.97331614714907,-3.844779239154,-0.230610573985903
4,15,765,0.948869221257465,0.905495742165172,0.985800777156695,-3.88678739368976,0.155125031776753
4,16,766,0.955054133315794,0.888280830023319,0.979053079263449,-4.14006606546103,0.801166477847436
4,17,767,0.951984596701656,0.888409542194768,0.989247831307687,-3.9661050932823,-0.483453724896711
4,18,768,0.951980133724274,0.863006740799449,0.981851100976242,-4.09090953047996,-0.138906720175272
4,19,769,0.953380464607512,0.869025289349484,0.978874377911577,-4.19702178656865,0.556581312933945
4,20,770,0.951595775390939,0.831555595338103,0.977111193090309,-3.85656400510597,-0.600759028002696
4,21,771,0.948012476143506,0.840147121421897,0.983407821790789,-3.81392204833629,-0.450181499469982
4,22,772,0.948293831011028,0.861637209168088,0.985374020559981,-4.01758233181162,-1.06477606899348
4,23,773,0.951615660215166,0.902918334650668,0.974342287969527,-3.49528760789607,-2.92318059168441
4,24,774,0.949045380159288,0.884456689744488,0.968326160772317,-3.63440694814956,-0.441409989141492
4,25,775,0.950989986428964,0.847636111653716,0.978640001517833,-4.15885218270819,-3.49519096669955
4,26,776,0.945739602826329,0.814919670053547,0.968912264830857,-3.75826764146424,-1.78754795983825
4,27,777,0.955195233071308,0.842695053405381,0.976058607275227,-3.81180717611201,-0.614535386017575
4,28,778,0.948521035062527,0.842982673541218,0.978177975399538,-3.70565126125048,-1.45805350592219
4,29,779,0.951915506537226,0.842275924374801,0.985993945325662,-4.04483791400553,0.157693029643307
4,30,780,0.953250333539119,0.866658527261831,0.979739646503887,-3.6491440468667,-1.06972053398021
4,31,781,0.946421773094072,0.83899106934529,0.985251474912773,-3.89239624588341,-2.46959522271589
4,32,782,0.947620787717852,0.861369672311927,0.981207541279583,-3.8441797262103,-1.32010709577865
4,33,783,0.951886471796771,0.838759126665204,0.98206517983256,-4.05258291562678,-1.51245465625362
4,34,784,0.948779832501698,0.822793798830745,0.984881821002756,-4.43725804680942,0.161644092950496
4,35,785,0.952180125217894,0.870945520995055,0.984080999597379,-4.69479865782968,0.698554619042651
4,36,786,0.949444324300227,0.855609810159668,0.98480304885389,-4.42096994073394,-0.265176378044862
4,37,787,0.945909508132722,0.806774025847611,0.983941769426051,-4.22094718187781,-2.63661302507196
4,38,788,0.951384726330209,0.866728136031342,0.985173674831163,-4.42551887989036,-3.38161287305865
4,39,789,0.954793049988964,0.897295208454463,0.978344122012507,-4.02582911987838,-3.48119881397649
4,40,790,0.948547076112107,0.877171334241324,0.977783111609987,-3.85170185519018,-2.15465453404353
4,41,791,0.950499530910049,0.890823883282434,0.979885168208119,-3.58825747152006,-1.5956258438928
4,42,792,0.951334450088579,0.904652044990802,0.974832988361798,-3.9987530781162,0.663957973250392
4,43,793,0.952354146758323,0.886429032296203,0.971291541525231,-4.04798466165088,1.05293934695085
4,44,794,0.950499107506078,0.910793274814951,0.98339948228435,-3.8845986239039,0.704781080795271
4,45,795,0.945868582121366,0.906580631594656,0.982842904530137,-4.24379618042283,0.737504586237549
4,46,796,0.948060636678373,0.89427592462999,0.972243683200882,-3.98717724914987,0.175341970894541
4,47,797,0.948588950020698,0.906669071344908,0.978041001428011,-3.87447214504286,0.462220889101268
4,48,798,0.949624785311084,0.91342560543447,0.982719039875809,-4.08648161720923,0.94761219923976
4,49,799,0.95054751449948,0.878962493185834,0.986569870397849,-3.78703933548009,0.873834384347746
4,50,800,0.948375153282884,0.938343653198914,0.974083334009118,-4.25844907554287,0.97329294379058
4,51,801,0.951096953060104,0.867460506105087,0.973558931736929,-3.81959569385734,0.365410622226828
4,52,802,0.94749268356801,0.900802827005641,0.975987999126389,-4.01092875549135,0.339152981141757
4,53,803,0.951345289948585,0.887962937130203,0.978892026371696,-4.30583093728427,0.797711294364614
4,54,804,0.950714972794781,0.881050153586035,0.974614152176922,-3.78466999129524,0.727955973397338
4,55,805,0.95257246635657,0.865365655747238,0.981399508750775,-3.84738155177698,0.98064948508762
4,56,806,0.954309626942974,0.840497559878476,0.979965408924498,-4.06680221262259,0.705033916579727
4,57,807,0.945943721533458,0.888000684133211,0.983114991057498,-4.21965908634322,0.557838457092976
4,58,808,0.943884536671238,0.863042197903141,0.990646979522644,-4.47636170614509,0.960704304799243
4,59,809,0.953332334263049,0.880603517048447,0.972814283017287,-4.86804687465219,1.09378653711984
4,60,810,0.94811802532777,0.844837650374272,0.987494363834493,-4.39858018970315,-2.22363347954075
4,61,811,0.953236833916398,0.836911613131796,0.983489667047553,-4.20873144379234,0.734794170037606
4,62,812,0.952724182233868,0.853710431077194,0.983384462176452,-4.48997628135045,0.65587903919923
4,63,813,0.951073820572615,0.870606590982387,0.988042341187139,-4.25461916815415,-1.78999276417256
4,64,814,0.951938068436257,0.844808778272704,0.984282072382063,-4.62350403232372,0.76437058444638
4,65,815,0.952917211848008,0.859015906709057,0.982866836620916,-4.37885620287518,0.729175767108247
4,66,816,0.955448503683732,0.859512067956267,0.98125554552192,-4.3355954334202,0.514361148285922
4,67,817,0.954335428003805,0.830261551052362,0.981367421848625,-4.62510892699871,0.972049975716617
4,68,818,0.952307819991943,0.867621958587468,0.987804166212073,-4.54595225548882,0.780854939448985
4,69,819,0.946983566525419,0.875991712429857,0.986394344486884,-4.60938597661182,0.275063009773313
4,70,820,0.944389949665962,0.864362784312976,0.989407671454899,-4.69593895201038,0.730007979608376
4,71,821,0.955873819230859,0.89644744930648,0.985142305922242,-4.17300833126484,0.616030909333723
4,72,822,0.951234385283645,0.873095828074061,0.989671091390731,-4.00938359511172,0.314003091159676
4,73,823,0.949883841600994,0.896206113053378,0.989084081056241,-4.30991419181697,0.607996356001241
4,74,824,0.950000863191866,0.838559555824986,0.975643874882406,-4.61776659049244,0.710413087891589
4,75,825,0.948288730432372,0.86205627201053,0.985820191320115,-4.97762862755579,1.60754227462928
4,76,826,0.945179450468251,0.885854068996925,0.980783286694598,-4.5864910682672,0.909544363544208
4,77,827,0.952049996502642,0.864385321666924,0.989369352650367,-3.87979827992337,0.0941602438160287
4,78,828,0.951509195204837,0.907967320616587,0.978713661363792,-4.18039073577083,0.380815366183256
4,79,829,0.943649921412482,0.900135659469652,0.985369874511314,-4.33075114610264,-0.158543521853013
4,80,830,0.946606080639798,0.913498514395417,0.977653833424614,-3.82772819374348,0.125321995548367
4,81,831,0.94977338491979,0.890169482525925,0.98309334433135,-3.67710374545776,0.109243367967811
4,82,832,0.948243392092325,0.90906394681602,0.974393732914561,-3.79367970400925,0.248664454282242
4,83,833,0.945773367632562,0.895959743733993,0.978387750131436,-3.95900178748035,0.430791842439065
4,84,834,0.949623715287044,0.913534648836393,0.974328960941902,-3.80805529481863,1.04583571265712
4,85,835,0.953279652421944,0.875999795263579,0.972959193776385,-3.95496772568454,0.642899786243026
4,86,836,0.952881235953363,0.907219568671586,0.974024982259476,-4.05149343750782,-0.261471790405429
4,87,837,0.950180433589858,0.936373912505276,0.979708621557704,-3.78096185032076,0.488411978297028
4,88,838,0.943861143283733,0.939875508623286,0.983838032876958,-3.58365739378708,0.504954864319777
4,89,839,0.952109300863181,0.932566133713747,0.983468795039434,-3.59616210779782,0.241842592950946
4,90,840,0.949241927168234,0.893543588480847,0.970777059371546,-4.02077834714169,0.178127817220401
4,91,841,0.948641891630461,0.87355625405481,0.983860739312566,-3.82795068028039,-0.00272056390790784
4,92,842,0.94454555005324,0.892614307526076,0.979509508128843,-3.82139046087405,-0.0888627160005835
4,93,843,0.948869733206814,0.888821383676581,0.978230443614055,-3.78653574527464,-1.74817381484179
4,94,844,0.952346101464653,0.899699127569171,0.976864853325765,-3.74571526562676,0.731338246866876
4,95,845,0.951853887288419,0.896221400242642,0.979854540538926,-4.06389330824058,0.456335592919122
4,96,846,0.944507156670593,0.889349091373032,0.98739389261097,-3.34521529078849,-1.45747535961948
4,97,847,0.947050969523623,0.907807451564091,0.977687327461743,-3.86756066051508,-0.202545740325123
4,98,848,0.950983051791676,0.894590179372825,0.983629576294746,-3.99134216497977,0.00299628730269924
4,99,849,0.948077334996396,0.919887501888961,0.98500986600669,-3.94390537393916,-0.386201974087491
4,100,850,0.949475169768498,0.905071673769817,0.982551372675385,-3.28423905737132,0.519839107912219
4,101,851,0.952709632905125,0.918175667173987,0.977942612201787,-3.60946772694123,-0.615234595727682
4,102,852,0.949121456931762,0.890084775456549,0.991995348647043,-4.17546533988205,0.887765456926825
4,103,853,0.953571817300962,0.919714223853345,0.968307912178171,-3.37819520311271,-0.17136849123718
4,104,854,0.950570714924015,0.936439618168926,0.984009013228465,-4.2090989100292,-2.25271238018887
4,105,855,0.945750955101426,0.908275452220519,0.974779257365571,-4.09817557645024,0.435974540970265
4,106,856,0.949823029076666,0.911262743845372,0.976811774208145,-3.88898394296793,0.637170663690913
4,107,857,0.950163984195914,0.92152986153702,0.979137859240764,-4.12594812729177,0.0119074986362553
4,108,858,0.954256909914925,0.882237019276379,0.987288747707927,-3.8165999597568,-0.0882575038878057
4,109,859,0.950198532454048,0.891025075233726,0.98177801541023,-3.60732160471184,-2.59912440037146
4,110,860,0.950185441191434,0.872917958098782,0.983013449409719,-3.84463675122209,-3.96581048573732
4,111,861,0.947338933226863,0.906612429266952,0.981020498135971,-3.86320330473218,-1.39245303919828
4,112,862,0.958197841394691,0.85399970302463,0.976322891330509,-3.99999259459043,-3.69672785259803
4,113,863,0.951327481868173,0.922432564466664,0.982913432637667,-4.38249358546025,0.756607386650721
4,114,864,0.950520692335033,0.939790011816985,0.987463718630733,-3.84969926476175,0.237755871231994
4,115,865,0.953274666302947,0.925706907514978,0.974857585799955,-3.7370570937146,0.411434293164044
4,116,866,0.947526496971618,0.911919096013447,0.973546316291561,-3.7003965330679,-0.200753567886105
4,117,867,0.947705265876659,0.897665030848535,0.978282145987832,-3.77423844528734,0.164401044750988
4,118,868,0.945392871240191,0.909252316506616,0.981983529346595,-3.83754696986063,-1.09089562766124
4,119,869,0.946463226991802,0.92919241323188,0.970585058568085,-3.63900174798124,-2.92297369619662
4,120,870,0.953976977851473,0.900376538060025,0.973435374367926,-3.72324606239428,0.616244629674034
4,121,871,0.954490868496055,0.896496811427319,0.966115807766942,-3.50025739910698,0.411932762485379
4,122,872,0.952780601068039,0.890262096080234,0.986944688388262,-4.04472873706317,0.75107804297629
4,123,873,0.948465853914695,0.891494307402677,0.978858291257832,-4.21592225291463,0.40939306291977
4,124,874,0.950441060280357,0.910672669720425,0.982198948485265,-3.64523624778107,0.319381622065354
4,125,875,0.952693630321488,0.923666386990122,0.980859116764322,-3.8072504079418,-0.298684634879568
4,126,876,0.951948263321203,0.950390900249116,0.975909012334582,-3.98411259070844,0.209086085036272
4,127,877,0.94649327095454,0.886656357961969,0.978140729098489,-3.85681831051718,0.799331334026465
4,128,878,0.950845887967623,0.926180262052777,0.981461298970585,-3.84118887376286,0.378823435559241
4,129,879,0.956431096919999,0.937089194489036,0.977459960332461,-3.62017499897975,-0.609040148063102
4,130,880,0.951676237511455,0.902954791770382,0.980270513469539,-3.88841162088507,-0.70318376080509
4,131,881,0.952109351038081,0.918035659904365,0.978858620784044,-3.94710257858289,0.254129801449451
4,132,882,0.951033201142283,0.910140209647578,0.97659361587864,-3.81124106294072,0.406343110322334
4,133,883,0.944394715156716,0.926351234143762,0.981166161808064,-4.04703366053368,0.939129172138044
4,134,884,0.949544227842802,0.922074360894873,0.984428959073205,-4.00451883726135,0.201290521338565
4,135,885,0.951665733309694,0.933004549767184,0.981723069678824,-3.82786970140927,0.786871761036463
4,136,886,0.954085220432559,0.93514621131416,0.976399258350435,-4.26645502375008,0.955222325204427
4,137,887,0.948461835109927,0.945949818786701,0.98295813462593,-3.66871920262437,-0.425432039133267
4,138,888,0.948997394101293,0.918793407535326,0.991027730061375,-3.94863297330385,0.361437771804107
4,139,889,0.947590400374642,0.935960329912073,0.973524088510596,-4.21857339057972,1.02033052591483
4,140,890,0.951270701017826,0.937163026864628,0.97458984780377,-3.79419786389471,1.01096422327262
4,141,891,0.950799899702278,0.924862452419202,0.979714246690252,-4.2597581158522,1.18455488780217
4,142,892,0.944686970384271,0.909256013661471,0.984120789455259,-3.94540909389834,0.903442633765345
4,143,893,0.953996097411444,0.924666994635781,0.978548989295072,-4.11088310438822,0.755457539443863
4,144,894,0.951993741741824,0.872689083638669,0.980465448243604,-4.21929173983286,0.497027459503937
4,145,895,0.957313227942561,0.913192650236304,0.977238949007871,-3.87114544233852,-0.122370914615685
4,146,896,0.947655858009897,0.931676508124754,0.975944880598342,-3.73295395707846,0.185198731325194
4,147,897,0.945072983349372,0.88933084662227,0.981233402393424,-3.88545817122016,-0.415169668085589
4,148,898,0.949242881822027,0.904470817481739,0.976172100265421,-3.68041063011975,0.249528629895162
4,149,899,0.950282802563953,0.91618648864991,0.981917224286646,-3.87221201145852,0.0441778428418661
4,150,900,0.950324859399478,0.894766495313383,0.976136181871571,-3.53779345181942,-2.89187895506954
4,151,901,0.951460125483931,0.893292816563373,0.979246049100468,-3.87455936107843,-2.55494363896544
4,152,902,0.953547296576384,0.863349489511576,0.980747120487194,-4.445069366559,0.738412747425022
4,153,903,0.951524732151267,0.911291106035402,0.979395503862084,-3.36604510546051,-0.175875334540213
4,154,904,0.946622098283223,0.912926684925606,0.970522944976065,-3.71354566317315,0.373476595664963
4,155,905,0.952040794021859,0.886909341884753,0.976826592404847,-3.64654486783834,0.239212771344809
4,156,906,0.951009819431712,0.936696983724446,0.974275583257108,-3.47331827138808,0.165301492279367
4,157,907,0.948404636868531,0.908158812860108,0.975572770607868,-3.98145439987905,0.486776428286358
4,158,908,0.953096524074107,0.934422913861401,0.969853503842232,-3.56780094120016,-3.1859281808718
4,159,909,0.94990153042296,0.943257696977924,0.982637228187458,-3.89377953273789,-0.915254937120411
4,160,910,0.952620289380517,0.909892077385466,0.985664062141083,-3.97586283886617,0.662673380443365
4,161,911,0.949120815431029,0.924708414722987,0.975772656709594,-3.78122557463874,-0.282217472342846
4,162,912,0.953702146958203,0.86908917075263,0.967111819069957,-3.62875920904608,-0.0325225519487473
4,163,913,0.95048475440149,0.902642329098402,0.979650513428916,-3.9278663398411,-0.978132161644054
4,164,914,0.958886879798313,0.885098970821961,0.981974634535235,-4.33664418027903,0.66890237446346
4,165,915,0.954004945734722,0.918509074464822,0.96683550871854,-3.76224866461467,0.369828269874442
4,166,916,0.951497849023852,0.904690267971086,0.970997356087402,-3.37758749398905,-0.529781219465179
4,167,917,0.94872399270637,0.896731770039415,0.979952873217588,-4.29636686545021,-0.478838769484624
4,168,918,0.950102108314523,0.848709713002465,0.984156312774341,-4.60144481326344,1.03266717624716
4,169,919,0.948640249755386,0.887093215470968,0.981833533723557,-4.73374887324474,1.25569484855259
4,170,920,0.945524885722207,0.87952924309676,0.973127715748324,-4.45670326501223,1.22026795203439
4,171,921,0.944805986687226,0.910729066234847,0.978394138921634,-4.27649355232627,0.935566894141126
4,172,922,0.95202175354277,0.858055598664789,0.98282736228147,-4.42459797065103,0.668266606867941
4,173,923,0.944388409395854,0.879153394280436,0.982898525042751,-3.80767049978754,-1.15683875029879
4,174,924,0.948127892086541,0.868923335832181,0.980563773311185,-4.18935270926448,0.239800441435795
4,175,925,0.947738813187287,0.883388170097275,0.978995187297942,-4.08279168972698,0.927548426064566
4,176,926,0.953034181053794,0.877930310935129,0.986520108896676,-4.16087415627463,0.721369656271354
4,177,927,0.94690183669727,0.895405881318564,0.985684623705453,-4.65095371879018,0.652568243907744
4,178,928,0.951563397724134,0.885202215211505,0.987525700459074,-4.03462086905182,0.58835850839714
4,179,929,0.953273846287258,0.884523924962634,0.977363157366378,-4.09502054416716,0.496759442060344
4,180,930,0.947300839484948,0.881937477574979,0.980575054482077,-4.13661913987541,0.0379289024140602
4,181,931,0.950003913238215,0.907060622181655,0.988254922086385,-3.61641259987338,0.188259497657603
4,182,932,0.945808959799044,0.911096218711811,0.989467429269391,-3.89347317895196,0.218749163744527
4,183,933,0.944533745202982,0.913393600371445,0.987765208147478,-4.03161826047564,0.30045024554329
4,184,934,0.949880294368332,0.864990763597648,0.986935797662677,-4.71726670836541,0.688604040852003
4,185,935,0.943139577232451,0.884784295755921,0.981056585787745,-4.55397526922318,0.964752042388919
4,186,936,0.947785805895589,0.89743829077112,0.98441011167988,-3.91666825860253,0.0898381842183644
4,187,937,0.947169229226587,0.88720487150111,0.988008825819248,-4.36564368933949,0.377714950411289
4,188,938,0.949207262786001,0.898117561331021,0.981061736132484,-4.10123009681358,0.406616171230806
4,189,939,0.951720374228214,0.89659889262955,0.981909559909772,-3.97746964058222,0.636465988533207
4,190,940,0.952471388365918,0.865930060692843,0.982044866504589,-4.08108157426024,0.942962088662784
4,191,941,0.95443701958783,0.884470412946685,0.982366017102654,-4.0242187977884,0.442966702126667
4,192,942,0.950106928853239,0.90722235170852,0.977058054781518,-3.77437403486097,-1.32130615580994
4,193,943,0.947102053540816,0.899449541455638,0.975664629901655,-3.81588467241391,-2.85671609286002
4,194,944,0.950780980895992,0.871874385987336,0.977036257347288,-4.16280038535119,0.451510147212411
4,195,945,0.945817921573865,0.923544562838985,0.983643199653614,-3.90428519607519,0.315849623488459
4,196,946,0.949802123795238,0.895075149895898,0.98041530211362,-4.20695303507296,0.578509868190512
4,197,947,0.9481897138732,0.899101813227513,0.976705575552467,-3.63100095142198,-0.998639694434156
4,198,948,0.9510269205789,0.88411975802285,0.982971854630669,-3.60771449688928,-0.0306118611762154
4,199,949,0.947045741771739,0.865956105579873,0.982998304155158,-3.94356341091476,0.810085876432873
4,200,950,0.951492496620732,0.906417857344693,0.975658641735038,-3.61971188581104,-3.07583747828695
4,201,951,0.954760812170046,0.932087649414358,0.974170064212359,-3.69209266127229,0.494135462129279
4,202,952,0.954659840633766,0.915515714215789,0.970145692468005,-3.60429245197334,0.335378526547082
4,203,953,0.947824932988363,0.939833936287095,0.976346235178171,-4.04075347474758,0.537116079924521
4,204,954,0.953930502266066,0.90573259900834,0.986390810081264,-3.88574665042929,-0.0268950962250616
4,205,955,0.951155088218062,0.924398718012481,0.973900242326174,-3.98297508979029,0.620736470524549
4,206,956,0.950180142648892,0.910018386253142,0.990539945506931,-4.19153967557771,-0.0204903163170103
4,207,957,0.947503360335908,0.902131543665552,0.982018531564655,-3.86446140121271,0.385922958537117
4,208,958,0.953667777849962,0.884561634180863,0.976837427161696,-3.97249880166687,0.213412371663216
4,209,959,0.953420602007805,0.902396413764111,0.985509271538964,-3.64396688408452,-1.2811042578002
4,210,960,0.95545466301763,0.87969292791604,0.982361898129286,-4.08587884777185,0.702528011323937
4,211,961,0.956231065513359,0.889150335351518,0.986832200667736,-4.12871287055939,-0.0500223417646311
4,212,962,0.949603292569849,0.884620793485629,0.989949201224872,-3.89758840798952,-0.200869361648378
4,213,963,0.944503045689249,0.889132234490889,0.985921747264649,-4.12006906885393,-0.257156978114837
4,214,964,0.946300535715719,0.847113006348902,0.988185400289186,-4.20080959791613,0.465676854022456
4,215,965,0.950468338468507,0.875023873005092,0.98011022938005,-4.70419644138972,0.671094646355829
4,216,966,0.951023819567992,0.864271527948953,0.98752596643791,-4.08394906814258,-0.0488195522238004
4,217,967,0.949274578496944,0.899022905127473,0.98550553501235,-3.78629424159967,-4.59967641633169
4,218,968,0.950717514025396,0.875296484124497,0.990191411195924,-3.98003254575211,-1.47480684978865
4,219,969,0.955146820418665,0.919732848454847,0.984073279495157,-3.77348307827076,0.494512850300019
4,220,970,0.953390090776747,0.868445191076231,0.986014814386568,-4.38701111573696,-0.175178544921594
4,221,971,0.948497552557198,0.877305590857226,0.98655805942871,-4.05536991936116,-0.101607361849836
4,222,972,0.952979948221319,0.911444888938453,0.98263261360551,-3.9558951694738,-2.7047804852925
4,223,973,0.944783959106337,0.871484078176401,0.988574011680928,-4.25635780972255,-1.22194142096734
4,224,974,0.947116209172231,0.878120652294833,0.983380220814705,-4.0053224412564,-0.283810410962823
4,225,975,0.947322438258073,0.894163317959146,0.980186876442349,-3.84300135465557,-0.96861283414547
4,226,976,0.957594512458475,0.862138800772865,0.990638526156492,-3.71231643087947,0.509343043916393
4,227,977,0.946677480340036,0.911986774834978,0.986635730155679,-3.95893659287433,-0.805758986667138
4,228,978,0.948437087197382,0.914911976069478,0.98810178494146,-4.0957783213372,0.464928685004074
4,229,979,0.947713166318344,0.896938649707449,0.980648990485412,-4.33356049846883,1.00227938142702
4,230,980,0.947057964711726,0.900683414103492,0.973835865361184,-4.76414839368306,0.745704699371577
4,231,981,0.950341088205688,0.894590430015386,0.967228507867236,-4.06908383786555,0.74418120610529
4,232,982,0.947704546334686,0.905052529965858,0.974259562565549,-3.73589680543465,0.826272554769866
4,233,983,0.943882341628428,0.890330643110708,0.97123826616661,-4.10344204385931,0.682273261699959
4,234,984,0.945398261547352,0.928012352202216,0.984703818483213,-3.92940324828143,0.662242184617631
4,235,985,0.950486621562948,0.921392631546868,0.974433692794446,-3.79326605382607,0.285403728586194
4,236,986,0.949505928546501,0.911726724967624,0.988295451481643,-4.32678115380861,0.306892290994351
4,237,987,0.948753846871883,0.935203769436675,0.983281948198383,-4.09158422182675,0.425131513484133
4,238,988,0.950747983049353,0.869256418045182,0.985963970840297,-4.53765559230122,0.376383301702285
4,239,989,0.947613933253042,0.892772817072393,0.987152464686136,-3.75728990757765,-1.8253307651442
4,240,990,0.948692738867866,0.884010976427418,0.984551197815567,-4.27205169215325,0.548706699682891
4,241,991,0.952202078139541,0.871720343684326,0.986095116262664,-4.4728946391762,0.835583538415774
4,242,992,0.951241218349455,0.863391683229028,0.974067143131219,-4.16949522451921,0.683546385510505
4,243,993,0.950730588825818,0.90357237728266,0.986189141242061,-4.40697794078464,0.646514389290668
4,244,994,0.949020931805271,0.934284628110769,0.978003506575638,-4.09000638196411,0.743560381859886
4,245,995,0.94719667040462,0.910361733800453,0.975838125979149,-3.58717106633587,-2.0554835993084
4,246,996,0.951135764998561,0.920603051852913,0.98189603279868,-4.35426205859962,0.412309356469353
4,247,997,0.953225313877917,0.899552122927099,0.977228912127446,-4.19659450536411,0.604167624824345
4,248,998,0.946553478859341,0.947508910332252,0.978889435367114,-3.9639139585774,0.728533349940989
4,249,999,0.948606725137368,0.910002713567102,0.979754075875777,-4.01835216154518,-0.440902088555609
4,250,1000,0.955113431814976,0.884512722696037,0.984133791177324,-3.97987363913815,0.580175573177319
